AENJA_00004	BRALA16141
AENJA_00007	BRALA16098
AENJA_00010	BRALA19112
AENJA_00015	BRALA15261
AENJA_00019	BRALA04845
AENJA_00020	BRALA26582
AENJA_00033	BRALA20424
AENJA_00044	BRALA13380
AENJA_00046	BRALA20052
AENJA_00051	BRALA19714
AENJA_00058	BRALA25128
AENJA_00082	BRALA22055
AENJA_00087	BRALA30084
AENJA_00095	BRALA02594
AENJA_00097	BRALA18461
AENJA_00099	BRALA18340
AENJA_00100	BRALA02593
AENJA_00113	BRALA24983
AENJA_00119	BRALA22933
AENJA_00124	BRALA22910
AENJA_00133	BRALA16185
AENJA_00134	BRALA16178
AENJA_00139	BRALA29758
AENJA_00140	BRALA24763
AENJA_00147	BRALA14481
AENJA_00153	BRALA20555
AENJA_00160	BRALA22690
AENJA_00161	BRALA12969
AENJA_00162	BRALA10241
AENJA_00164	BRALA14766
AENJA_00174	BRALA12464
AENJA_00181	BRALA18800
AENJA_00200	BRALA18126
AENJA_00217	BRALA06362
AENJA_00222	BRALA06241
AENJA_00225	BRALA24491
AENJA_00226	BRALA23625
AENJA_00230	BRALA22936
AENJA_00235	BRALA18741
AENJA_00238	BRALA22758
AENJA_00246	BRALA04721
AENJA_00247	BRALA06532
AENJA_00261	BRALA14981
AENJA_00263	BRALA26858
AENJA_00264	BRALA25441
AENJA_00265	BRALA31266
AENJA_00266	BRALA24262
AENJA_00268	BRALA26647
AENJA_00276	BRALA14604
AENJA_00316	BRALA16216
AENJA_00324	BRALA15601
AENJA_00356	BRALA17550
AENJA_00359	BRALA29680
AENJA_00362	BRALA01822
AENJA_00374	BRALA11038
AENJA_00377	BRALA18059
AENJA_00390	BRALA03891
AENJA_00396	BRALA29482
AENJA_00399	BRALA28939
AENJA_00401	BRALA26880
AENJA_00411	BRALA05943
AENJA_00420	BRALA19059
AENJA_00435	BRALA15282
AENJA_00437	BRALA01542
AENJA_00444	BRALA26719
AENJA_00456	BRALA10238
AENJA_00460	BRALA13733
AENJA_00480	BRALA06921
AENJA_00482	BRALA17604
AENJA_00483	BRALA29850
AENJA_00493	BRALA24133
AENJA_00506	BRALA19668
AENJA_00507	BRALA19669
AENJA_00514	BRALA33462
AENJA_00518	BRALA25618
AENJA_00536	BRALA30179
AENJA_00540	BRALA30580
AENJA_00544	BRALA05523
AENJA_00545	BRALA19606
AENJA_00551	BRALA15941
AENJA_00553	BRALA16956
AENJA_00555	BRALA22429
AENJA_00558	BRALA29578
AENJA_00564	BRALA01090
AENJA_00566	BRALA21791
AENJA_00571	BRALA11876
AENJA_00585	BRALA28832
AENJA_00589	BRALA22056
AENJA_00591	BRALA28831
AENJA_00603	BRALA05018
AENJA_00606	BRALA05302
AENJA_00650	BRALA14773
AENJA_00651	BRALA03708
AENJA_00652	BRALA01193
AENJA_00667	BRALA17601
AENJA_00673	BRALA20003
AENJA_00674	BRALA20776
AENJA_00700	BRALA08225
AENJA_00701	BRALA15277
AENJA_00704	BRALA26952
AENJA_00705	BRALA20808
AENJA_00709	BRALA31022
AENJA_00721	BRALA00705
AENJA_00731	BRALA22125
AENJA_00735	BRALA31906
AENJA_00758	BRALA18469
AENJA_00765	BRALA03151
AENJA_00766	BRALA03142
AENJA_00771	BRALA32735
AENJA_00782	BRALA06338
AENJA_00785	BRALA20773
AENJA_00796	BRALA17215
AENJA_00803	BRALA04382
AENJA_00804	BRALA09423
AENJA_00815	BRALA14468
AENJA_00836	BRALA15101
AENJA_00838	BRALA27366
AENJA_00839	BRALA31969
AENJA_00856	BRALA16993
AENJA_00864	BRALA33491
AENJA_00868	BRALA29153
AENJA_00869	BRALA21661
AENJA_00871	BRALA31254
AENJA_00893	BRALA24620
AENJA_00923	BRALA19613
AENJA_00928	BRALA14828
AENJA_00931	BRALA15786
AENJA_00936	BRALA14698
AENJA_00938	BRALA10172
AENJA_00951	BRALA07163
AENJA_00953	BRALA00082
AENJA_00967	BRALA25353
AENJA_00975	BRALA08286
AENJA_00978	BRALA10356
AENJA_00985	BRALA34128
AENJA_00990	BRALA31512
AENJA_00992	BRALA02481
AENJA_00994	BRALA15556
AENJA_00995	BRALA01668
AENJA_01009	BRALA01093
AENJA_01014	BRALA01008
AENJA_01019	BRALA06678
AENJA_01039	BRALA15416
AENJA_01044	BRALA01128
AENJA_01047	BRALA11238
AENJA_01066	BRALA23723
AENJA_01067	BRALA22973
AENJA_01088	BRALA26688
AENJA_01098	BRALA11492
AENJA_01099	BRALA11491
AENJA_01100	BRALA06690
AENJA_01101	BRALA09927
AENJA_01102	BRALA02793
AENJA_01105	BRALA16407
AENJA_01125	BRALA25041
AENJA_01139	BRALA24418
AENJA_01142	BRALA21470
AENJA_01145	BRALA29450
AENJA_01166	BRALA01039
AENJA_01170	BRALA00831
AENJA_01172	BRALA11000
AENJA_01173	BRALA02171
AENJA_01184	BRALA08547
AENJA_01188	BRALA17704
AENJA_01192	BRALA21646
AENJA_01194	BRALA13513
AENJA_01195	BRALA21641
AENJA_01196	BRALA21759
AENJA_01198	BRALA01388
AENJA_01200	BRALA09601
AENJA_01202	BRALA17125
AENJA_01205	BRALA28065
AENJA_01223	BRALA20898
AENJA_01226	BRALA10912
AENJA_01250	BRALA20635
AENJA_01257	BRALA28983
AENJA_01258	BRALA29210
AENJA_01259	BRALA11978
AENJA_01261	BRALA10884
AENJA_01262	BRALA11934
AENJA_01266	BRALA27665
AENJA_01304	BRALA24048
AENJA_01306	BRALA03105
AENJA_01313	BRALA19728
AENJA_01322	BRALA03796
AENJA_01325	BRALA16861
AENJA_01327	BRALA28833
AENJA_01335	BRALA02026
AENJA_01364	BRALA03985
AENJA_01367	BRALA20677
AENJA_01371	BRALA20024
AENJA_01382	BRALA07392
AENJA_01387	BRALA15961
AENJA_01405	BRALA00327
AENJA_01409	BRALA08020
AENJA_01410	BRALA14573
AENJA_01427	BRALA09164
AENJA_01428	BRALA16588
AENJA_01439	BRALA10474
AENJA_01447	BRALA04178
AENJA_01448	BRALA22478
AENJA_01454	BRALA17421
AENJA_01455	BRALA17425
AENJA_01457	BRALA06766
AENJA_01458	BRALA28058
AENJA_01486	BRALA26148
AENJA_01489	BRALA10821
AENJA_01490	BRALA17914
AENJA_01491	BRALA19708
AENJA_01501	BRALA20439
AENJA_01506	BRALA09691
AENJA_01511	BRALA19272
AENJA_01512	BRALA22892
AENJA_01514	BRALA25601
AENJA_01522	BRALA18937
AENJA_01523	BRALA13138
AENJA_01532	BRALA21784
AENJA_01536	BRALA18360
AENJA_01566	BRALA11857
AENJA_01569	BRALA20184
AENJA_01578	BRALA14610
AENJA_01583	BRALA29000
AENJA_01591	BRALA01351
AENJA_01592	BRALA00548
AENJA_01593	BRALA01249
AENJA_01594	BRALA01367
AENJA_01597	BRALA12592
AENJA_01611	BRALA02455
AENJA_01623	BRALA34790
AENJA_01635	BRALA04585
AENJA_01638	BRALA26075
AENJA_01642	BRALA30067
AENJA_01646	BRALA08461
AENJA_01650	BRALA27931
AENJA_01679	BRALA28760
AENJA_01681	BRALA14131
AENJA_01705	BRALA10690
AENJA_01729	BRALA15960
AENJA_01741	BRALA09280
AENJA_01744	BRALA20947
AENJA_01756	BRALA00562
AENJA_01759	BRALA12191
AENJA_01827	BRALA14190
AENJA_01831	BRALA14243
AENJA_01835	BRALA15421
AENJA_01851	BRALA30328
AENJA_01852	BRALA20062
AENJA_01868	BRALA05611
AENJA_01869	BRALA05605
AENJA_01871	BRALA05555
AENJA_01879	BRALA06022
AENJA_01884	BRALA16187
AENJA_01889	BRALA19067
AENJA_01904	BRALA25020
AENJA_01927	BRALA30848
AENJA_01947	BRALA13488
AENJA_01948	BRALA18220
AENJA_01954	BRALA04706
AENJA_01955	BRALA12420
AENJA_01956	BRALA12268
AENJA_01962	BRALA04834
AENJA_01967	BRALA20431
AENJA_01995	BRALA04538
AENJA_01996	BRALA01110
AENJA_01998	BRALA28665
AENJA_02009	BRALA24695
AENJA_02010	BRALA06099
AENJA_02021	BRALA04368
AENJA_02051	BRALA02478
AENJA_02054	BRALA06275
AENJA_02063	BRALA03360
AENJA_02075	BRALA03837
AENJA_02077	BRALA06615
AENJA_02093	BRALA07446
AENJA_02120	BRALA16666
AENJA_02142	BRALA08067
AENJA_02160	BRALA29807
AENJA_02165	BRALA01092
AENJA_02168	BRALA20854
AENJA_02170	BRALA24115
AENJA_02171	BRALA20853
AENJA_02172	BRALA24118
AENJA_02173	BRALA24117
AENJA_02177	BRALA31220
AENJA_02179	BRALA24494
AENJA_02183	BRALA17259
AENJA_02204	BRALA28438
AENJA_02206	BRALA03563
AENJA_02208	BRALA03297
AENJA_02217	BRALA12516
AENJA_02219	BRALA11435
AENJA_02252	BRALA06852
AENJA_02265	BRALA32010
AENJA_02267	BRALA03083
AENJA_02270	BRALA02009
AENJA_02278	BRALA18489
AENJA_02279	BRALA18488
AENJA_02286	BRALA00972
AENJA_02300	BRALA21712
AENJA_02304	BRALA21714
AENJA_02312	BRALA03795
AENJA_02330	BRALA11330
AENJA_02334	BRALA13428
AENJA_02340	BRALA10746
AENJA_02347	BRALA12317
AENJA_02350	BRALA11223
AENJA_02368	BRALA18781
AENJA_02375	BRALA08580
AENJA_02385	BRALA11531
AENJA_02386	BRALA02041
AENJA_02390	BRALA22169
AENJA_02393	BRALA14350
AENJA_02397	BRALA06773
AENJA_02400	BRALA25695
AENJA_02401	BRALA01251
AENJA_02402	BRALA01853
AENJA_02403	BRALA12375
AENJA_02410	BRALA15838
AENJA_02412	BRALA13874
AENJA_02418	BRALA23050
AENJA_02420	BRALA02559
AENJA_02422	BRALA26579
AENJA_02425	BRALA11235
AENJA_02431	BRALA29901
AENJA_02432	BRALA12188
AENJA_02436	BRALA05811
AENJA_02447	BRALA23274
AENJA_02450	BRALA26084
AENJA_02454	BRALA19087
AENJA_02455	BRALA03389
AENJA_02456	BRALA19089
AENJA_02461	BRALA27359
AENJA_02475	BRALA21446
AENJA_02481	BRALA24377
AENJA_02493	BRALA23441
AENJA_02507	BRALA04732
AENJA_02520	BRALA23462
AENJA_02540	BRALA29368
AENJA_02542	BRALA26637
AENJA_02544	BRALA08453
AENJA_02560	BRALA09680
AENJA_02564	BRALA10363
AENJA_02569	BRALA27876
AENJA_02583	BRALA34468
AENJA_02591	BRALA10204
AENJA_02592	BRALA01269
AENJA_02598	BRALA21175
AENJA_02610	BRALA21276
AENJA_02627	BRALA23941
AENJA_02633	BRALA01779
AENJA_02634	BRALA17849
AENJA_02642	BRALA12226
AENJA_02643	BRALA22497
AENJA_02647	BRALA22499
AENJA_02670	BRALA34578
AENJA_02675	BRALA00541
AENJA_02686	BRALA12186
AENJA_02689	BRALA13610
AENJA_02695	BRALA23825
AENJA_02696	BRALA14294
AENJA_02697	BRALA12182
AENJA_02706	BRALA27792
AENJA_02709	BRALA27551
AENJA_02715	BRALA02620
AENJA_02716	BRALA19937
AENJA_02725	BRALA31042
AENJA_02726	BRALA24794
AENJA_02731	BRALA20318
AENJA_02740	BRALA06361
AENJA_02755	BRALA05672
AENJA_02756	BRALA05677
AENJA_02759	BRALA28224
AENJA_02764	BRALA03392
AENJA_02769	BRALA21272
AENJA_02773	BRALA23361
AENJA_02775	BRALA22621
AENJA_02777	BRALA30972
AENJA_02782	BRALA22261
AENJA_02784	BRALA22264
AENJA_02791	BRALA08901
AENJA_02799	BRALA08874
AENJA_02826	BRALA24485
AENJA_02846	BRALA24668
AENJA_02860	BRALA28137
AENJA_02870	BRALA29767
AENJA_02883	BRALA16180
AENJA_02889	BRALA06487
AENJA_02908	BRALA10905
AENJA_02911	BRALA15353
AENJA_02912	BRALA15351
AENJA_02914	BRALA12811
AENJA_02916	BRALA20013
AENJA_02917	BRALA15356
AENJA_02925	BRALA10599
AENJA_02927	BRALA13540
AENJA_02931	BRALA15590
AENJA_02941	BRALA13786
AENJA_02946	BRALA13717
AENJA_02951	BRALA09407
AENJA_02955	BRALA09408
AENJA_02956	BRALA09409
AENJA_02964	BRALA08579
AENJA_02975	BRALA21415
AENJA_02978	BRALA21414
AENJA_02979	BRALA27289
AENJA_02982	BRALA17596
AENJA_02986	BRALA17416
AENJA_03001	BRALA11878
AENJA_03017	BRALA16743
AENJA_03019	BRALA06237
AENJA_03020	BRALA06238
AENJA_03025	BRALA11234
AENJA_03031	BRALA06408
AENJA_03036	BRALA11233
AENJA_03043	BRALA16505
AENJA_03055	BRALA04513
AENJA_03064	BRALA22110
AENJA_03065	BRALA34708
AENJA_03079	BRALA30162
AENJA_03089	BRALA18946
AENJA_03091	BRALA09290
AENJA_03106	BRALA16590
AENJA_03125	BRALA22637
AENJA_03126	BRALA22635
AENJA_03127	BRALA13329
AENJA_03147	BRALA16696
AENJA_03148	BRALA08921
AENJA_03149	BRALA02328
AENJA_03152	BRALA16671
AENJA_03154	BRALA14943
AENJA_03156	BRALA04725
AENJA_03158	BRALA11237
AENJA_03161	BRALA04559
AENJA_03167	BRALA29636
AENJA_03174	BRALA16487
AENJA_03181	BRALA16210
AENJA_03187	BRALA26544
AENJA_03209	BRALA08894
AENJA_03211	BRALA11793
AENJA_03212	BRALA22764
AENJA_03215	BRALA15102
AENJA_03220	BRALA01402
AENJA_03258	BRALA26820
AENJA_03261	BRALA15011
AENJA_03263	BRALA24271
AENJA_03273	BRALA06822
AENJA_03277	BRALA23652
AENJA_03297	BRALA11315
AENJA_03320	BRALA28545
AENJA_03321	BRALA03308
AENJA_03323	BRALA05944
AENJA_03336	BRALA07295
AENJA_03339	BRALA33921
AENJA_03366	BRALA00619
AENJA_03372	BRALA28829
AENJA_03373	BRALA19644
AENJA_03378	BRALA18989
AENJA_03379	BRALA22724
AENJA_03383	BRALA11197
AENJA_03385	BRALA11198
AENJA_03386	BRALA18987
AENJA_03387	BRALA06257
AENJA_03390	BRALA22498
AENJA_03395	BRALA07314
AENJA_03396	BRALA23227
AENJA_03401	BRALA16354
AENJA_03406	BRALA02795
AENJA_03409	BRALA21884
AENJA_03415	BRALA16415
AENJA_03423	BRALA23029
AENJA_03426	BRALA06367
AENJA_03427	BRALA21955
AENJA_03431	BRALA19380
AENJA_03432	BRALA23246
AENJA_03435	BRALA29277
AENJA_03438	BRALA24155
AENJA_03449	BRALA07898
AENJA_03450	BRALA11959
AENJA_03454	BRALA02403
AENJA_03458	BRALA24049
AENJA_03462	BRALA19278
AENJA_03467	BRALA08955
AENJA_03470	BRALA31856
AENJA_03475	BRALA28210
AENJA_03483	BRALA22730
AENJA_03488	BRALA22768
AENJA_03489	BRALA28948
AENJA_03493	BRALA16976
AENJA_03496	BRALA07607
AENJA_03523	BRALA20901
AENJA_03524	BRALA34431
AENJA_03537	BRALA19107
AENJA_03555	BRALA05218
AENJA_03557	BRALA33127
AENJA_03566	BRALA04529
AENJA_03567	BRALA07858
AENJA_03568	BRALA08284
AENJA_03569	BRALA31198
AENJA_03570	BRALA01004
AENJA_03577	BRALA15823
AENJA_03584	BRALA22349
AENJA_03606	BRALA03873
AENJA_03621	BRALA22859
AENJA_03622	BRALA15200
AENJA_03630	BRALA20641
AENJA_03639	BRALA00992
AENJA_03655	BRALA02108
AENJA_03660	BRALA08769
AENJA_03665	BRALA20395
AENJA_03681	BRALA35830
AENJA_03684	BRALA17975
AENJA_03692	BRALA31029
AENJA_03697	BRALA18309
AENJA_03699	BRALA00098
AENJA_03700	BRALA27337
AENJA_03701	BRALA21831
AENJA_03703	BRALA03851
AENJA_03710	BRALA14635
AENJA_03712	BRALA01606
AENJA_03715	BRALA14669
AENJA_03733	BRALA15041
AENJA_03748	BRALA06736
AENJA_03749	BRALA06727
AENJA_03754	BRALA11176
AENJA_03755	BRALA11114
AENJA_03758	BRALA14363
AENJA_03759	BRALA01940
AENJA_03763	BRALA05741
AENJA_03784	BRALA09308
AENJA_03792	BRALA02842
AENJA_03794	BRALA13392
AENJA_03797	BRALA21328
AENJA_03798	BRALA10106
AENJA_03799	BRALA21809
AENJA_03801	BRALA02646
AENJA_03824	BRALA24690
AENJA_03826	BRALA29065
AENJA_03832	BRALA22901
AENJA_03833	BRALA05330
AENJA_03834	BRALA06082
AENJA_03836	BRALA05887
AENJA_03846	BRALA15067
AENJA_03880	BRALA10440
AENJA_03881	BRALA26803
AENJA_03886	BRALA11875
AENJA_03887	BRALA11889
AENJA_03888	BRALA08296
AENJA_03889	BRALA19448
AENJA_03890	BRALA29822
AENJA_03899	BRALA25420
AENJA_03902	BRALA17319
AENJA_03925	BRALA11611
AENJA_03927	BRALA05805
AENJA_03931	BRALA02656
AENJA_03934	BRALA18690
AENJA_03939	BRALA18696
AENJA_03944	BRALA12768
AENJA_03947	BRALA12769
AENJA_03996	BRALA09010
AENJA_03998	BRALA16922
AENJA_03999	BRALA16909
AENJA_04000	BRALA16910
AENJA_04002	BRALA16908
AENJA_04015	BRALA19016
AENJA_04020	BRALA19310
AENJA_04024	BRALA05812
AENJA_04031	BRALA22554
AENJA_04034	BRALA28894
AENJA_04037	BRALA14404
AENJA_04038	BRALA03321
AENJA_04040	BRALA03323
AENJA_04047	BRALA16283
AENJA_04049	BRALA16252
AENJA_04061	BRALA12077
AENJA_04066	BRALA07889
AENJA_04073	BRALA13315
AENJA_04085	BRALA02398
AENJA_04092	BRALA29956
AENJA_04105	BRALA02935
AENJA_04153	BRALA17083
AENJA_04167	BRALA31005
AENJA_04169	BRALA23434
AENJA_04172	BRALA22489
AENJA_04181	BRALA16673
AENJA_04183	BRALA27507
AENJA_04195	BRALA16828
AENJA_04201	BRALA13021
AENJA_04204	BRALA10442
AENJA_04207	BRALA25046
AENJA_04208	BRALA25030
AENJA_04209	BRALA33701
AENJA_04212	BRALA17877
AENJA_04213	BRALA30883
AENJA_04216	BRALA25932
AENJA_04223	BRALA11221
AENJA_04225	BRALA12881
AENJA_04228	BRALA21953
AENJA_04230	BRALA06506
AENJA_04242	BRALA22588
AENJA_04245	BRALA23035
AENJA_04248	BRALA04726
AENJA_04250	BRALA12545
AENJA_04268	BRALA14058
AENJA_04269	BRALA18866
AENJA_04274	BRALA09005
AENJA_04275	BRALA20053
AENJA_04287	BRALA30118
AENJA_04307	BRALA00423
AENJA_04315	BRALA11813
AENJA_04316	BRALA33685
AENJA_04321	BRALA14983
AENJA_04325	BRALA27748
AENJA_04331	BRALA20001
AENJA_04354	BRALA13509
AENJA_04367	BRALA10694
AENJA_04368	BRALA17106
AENJA_04370	BRALA03989
AENJA_04371	BRALA24106
AENJA_04388	BRALA30016
AENJA_04397	BRALA23811
AENJA_04398	BRALA13583
AENJA_04401	BRALA31720
AENJA_04417	BRALA12059
AENJA_04431	BRALA06505
AENJA_04439	BRALA19235
AENJA_04451	BRALA23687
AENJA_04455	BRALA29964
AENJA_04456	BRALA12830
AENJA_04471	BRALA23792
AENJA_04473	BRALA14066
AENJA_04474	BRALA14069
AENJA_04476	BRALA14552
AENJA_04479	BRALA14554
AENJA_04490	BRALA06746
AENJA_04494	BRALA13069
AENJA_04499	BRALA06537
AENJA_04501	BRALA13133
AENJA_04504	BRALA25033
AENJA_04545	BRALA17123
AENJA_04547	BRALA27317
AENJA_04551	BRALA20561
AENJA_04555	BRALA26683
AENJA_04574	BRALA28383
AENJA_04576	BRALA16397
AENJA_04586	BRALA24274
AENJA_04604	BRALA34660
AENJA_04611	BRALA05527
AENJA_04613	BRALA05674
AENJA_04616	BRALA05680
AENJA_04617	BRALA27396
AENJA_04619	BRALA04433
AENJA_04636	BRALA15927
AENJA_04638	BRALA20747
AENJA_04650	BRALA20295
AENJA_04653	BRALA14039
AENJA_04655	BRALA03649
AENJA_04665	BRALA22998
AENJA_04666	BRALA28209
AENJA_04667	BRALA25428
AENJA_04677	BRALA33854
AENJA_04683	BRALA32894
AENJA_04696	BRALA10866
AENJA_04699	BRALA24254
AENJA_04703	BRALA03717
AENJA_04708	BRALA25081
AENJA_04717	BRALA04682
AENJA_04718	BRALA13750
AENJA_04726	BRALA35191
AENJA_04727	BRALA11912
AENJA_04732	BRALA12584
AENJA_04777	BRALA05808
AENJA_04786	BRALA02411
AENJA_04791	BRALA20494
AENJA_04794	BRALA26089
AENJA_04797	BRALA20091
AENJA_04818	BRALA27601
AENJA_04820	BRALA13678
AENJA_04821	BRALA27308
AENJA_04823	BRALA03156
AENJA_04824	BRALA18248
AENJA_04832	BRALA04663
AENJA_04836	BRALA11356
AENJA_04842	BRALA18627
AENJA_04847	BRALA13030
AENJA_04852	BRALA06584
AENJA_04854	BRALA06578
AENJA_04856	BRALA19478
AENJA_04862	BRALA18552
AENJA_04865	BRALA21608
AENJA_04866	BRALA17548
AENJA_04871	BRALA28203
AENJA_04890	BRALA29050
AENJA_04891	BRALA29047
AENJA_04936	BRALA11787
AENJA_04956	BRALA34300
AENJA_04959	BRALA24596
AENJA_04962	BRALA22740
AENJA_04963	BRALA08130
AENJA_04991	BRALA02335
AENJA_04994	BRALA26585
AENJA_05001	BRALA26583
AENJA_05010	BRALA17680
AENJA_05025	BRALA21195
AENJA_05029	BRALA29142
AENJA_05035	BRALA33216
AENJA_05057	BRALA04598
AENJA_05068	BRALA01658
AENJA_05077	BRALA05497
AENJA_05082	BRALA24159
AENJA_05091	BRALA09457
AENJA_05104	BRALA32134
AENJA_05106	BRALA09092
AENJA_05142	BRALA00192
AENJA_05144	BRALA10948
AENJA_05148	BRALA08907
AENJA_05189	BRALA20630
AENJA_05191	BRALA11730
AENJA_05193	BRALA05899
AENJA_05198	BRALA10170
AENJA_05224	BRALA18537
AENJA_05228	BRALA08250
AENJA_05230	BRALA27609
AENJA_05231	BRALA10186
AENJA_05241	BRALA05988
AENJA_05242	BRALA31709
AENJA_05246	BRALA28406
AENJA_05252	BRALA17139
AENJA_05269	BRALA25855
AENJA_05271	BRALA24484
AENJA_05277	BRALA29356
AENJA_05278	BRALA34085
AENJA_05283	BRALA33375
AENJA_05295	BRALA19866
AENJA_05305	BRALA13816
AENJA_05318	BRALA17812
AENJA_05319	BRALA24693
AENJA_05320	BRALA34364
AENJA_05329	BRALA22461
AENJA_05336	BRALA11896
AENJA_05337	BRALA11891
AENJA_05354	BRALA17518
AENJA_05368	BRALA05262
AENJA_05372	BRALA01574
AENJA_05377	BRALA28084
AENJA_05379	BRALA03096
AENJA_05397	BRALA32793
AENJA_05398	BRALA28101
AENJA_05401	BRALA28100
AENJA_05404	BRALA03188
AENJA_05405	BRALA09466
AENJA_05433	BRALA06454
AENJA_05435	BRALA13961
AENJA_05440	BRALA18641
AENJA_05442	BRALA29088
AENJA_05443	BRALA13749
AENJA_05445	BRALA20068
AENJA_05446	BRALA10378
AENJA_05447	BRALA17016
AENJA_05454	BRALA22727
AENJA_05457	BRALA20191
AENJA_05461	BRALA08202
AENJA_05472	BRALA14451
AENJA_05476	BRALA00912
AENJA_05481	BRALA25945
AENJA_05484	BRALA28977
AENJA_05486	BRALA31052
AENJA_05489	BRALA22277
AENJA_05490	BRALA22272
AENJA_05505	BRALA22526
AENJA_05512	BRALA16555
AENJA_05517	BRALA07054
AENJA_05521	BRALA05090
AENJA_05551	BRALA09019
AENJA_05558	BRALA34704
AENJA_05569	BRALA00313
AENJA_05574	BRALA04317
AENJA_05577	BRALA07954
AENJA_05584	BRALA03357
AENJA_05594	BRALA26231
AENJA_05609	BRALA19111
AENJA_05612	BRALA20396
AENJA_05613	BRALA20628
AENJA_05620	BRALA15105
AENJA_05624	BRALA29779
AENJA_05629	BRALA24040
AENJA_05638	BRALA08116
AENJA_05643	BRALA27980
AENJA_05646	BRALA17929
AENJA_05650	BRALA03596
AENJA_05652	BRALA03646
AENJA_05661	BRALA32390
AENJA_05663	BRALA19706
AENJA_05672	BRALA19317
AENJA_05676	BRALA09364
AENJA_05703	BRALA34862
AENJA_05706	BRALA02971
AENJA_05708	BRALA13132
AENJA_05722	BRALA09191
AENJA_05733	BRALA28315
AENJA_05734	BRALA31199
AENJA_05746	BRALA01834
AENJA_05770	BRALA13330
AENJA_05791	BRALA28204
AENJA_05797	BRALA27049
AENJA_05816	BRALA24171
AENJA_05821	BRALA09181
AENJA_05831	BRALA18754
AENJA_05847	BRALA29217
AENJA_05858	BRALA21054
AENJA_05859	BRALA23466
AENJA_05863	BRALA22481
AENJA_05893	BRALA33100
AENJA_05894	BRALA10433
AENJA_05897	BRALA10429
AENJA_05898	BRALA06536
AENJA_05903	BRALA32523
AENJA_05905	BRALA27100
AENJA_05907	BRALA32298
AENJA_05912	BRALA26855
AENJA_05937	BRALA24387
AENJA_05938	BRALA05725
AENJA_05942	BRALA08666
AENJA_05944	BRALA25512
AENJA_05953	BRALA29388
AENJA_05959	BRALA19996
AENJA_05960	BRALA18408
AENJA_05961	BRALA19736
AENJA_05978	BRALA24729
AENJA_05995	BRALA18120
AENJA_06003	BRALA25864
AENJA_06016	BRALA10765
AENJA_06019	BRALA30155
AENJA_06020	BRALA11932
AENJA_06045	BRALA26302
AENJA_06048	BRALA04540
AENJA_06054	BRALA04550
AENJA_06069	BRALA21319
AENJA_06076	BRALA10140
AENJA_06079	BRALA29052
AENJA_06086	BRALA31880
AENJA_06095	BRALA18442
AENJA_06104	BRALA18561
AENJA_06106	BRALA34550
AENJA_06107	BRALA27165
AENJA_06120	BRALA26804
AENJA_06124	BRALA18668
AENJA_06125	BRALA27233
AENJA_06127	BRALA11508
AENJA_06128	BRALA13185
AENJA_06139	BRALA24702
AENJA_06140	BRALA22515
AENJA_06141	BRALA01062
AENJA_06142	BRALA14232
AENJA_06148	BRALA11583
AENJA_06151	BRALA12147
AENJA_06152	BRALA13659
AENJA_06166	BRALA19095
AENJA_06173	BRALA27319
AENJA_06174	BRALA03345
AENJA_06179	BRALA03739
AENJA_06181	BRALA09926
AENJA_06182	BRALA17932
AENJA_06186	BRALA01213
AENJA_06209	BRALA31423
AENJA_06215	BRALA12027
AENJA_06216	BRALA25503
AENJA_06218	BRALA22811
AENJA_06248	BRALA27664
AENJA_06250	BRALA09566
AENJA_06251	BRALA25700
AENJA_06252	BRALA17389
AENJA_06261	BRALA19421
AENJA_06262	BRALA14460
AENJA_06263	BRALA18727
AENJA_06266	BRALA26967
AENJA_06271	BRALA12029
AENJA_06272	BRALA22585
AENJA_06274	BRALA22275
AENJA_06283	BRALA24911
AENJA_06285	BRALA03855
AENJA_06288	BRALA05666
AENJA_06312	BRALA22762
AENJA_06316	BRALA28941
AENJA_06321	BRALA01536
AENJA_06323	BRALA20733
AENJA_06339	BRALA29929
AENJA_06343	BRALA01612
AENJA_06350	BRALA16705
AENJA_06351	BRALA13983
AENJA_06370	BRALA10654
AENJA_06381	BRALA30098
AENJA_06388	BRALA06714
AENJA_06389	BRALA17943
AENJA_06392	BRALA06640
AENJA_06393	BRALA03979
AENJA_06396	BRALA18066
AENJA_06403	BRALA16015
AENJA_06408	BRALA30722
AENJA_06410	BRALA34892
AENJA_06426	BRALA33717
AENJA_06433	BRALA12491
AENJA_06434	BRALA29412
AENJA_06435	BRALA20223
AENJA_06436	BRALA20220
AENJA_06437	BRALA20218
AENJA_06440	BRALA16476
AENJA_06444	BRALA20757
AENJA_06465	BRALA00413
AENJA_06472	BRALA05544
AENJA_06476	BRALA21704
AENJA_06477	BRALA04341
AENJA_06481	BRALA29488
AENJA_06499	BRALA14093
AENJA_06514	BRALA10240
AENJA_06518	BRALA13730
AENJA_06530	BRALA15214
AENJA_06546	BRALA21916
AENJA_06548	BRALA01543
AENJA_06554	BRALA21206
AENJA_06561	BRALA14965
AENJA_06562	BRALA06697
AENJA_06571	BRALA05122
AENJA_06577	BRALA27180
AENJA_06589	BRALA12740
AENJA_06592	BRALA18985
AENJA_06594	BRALA09322
AENJA_06595	BRALA12741
AENJA_06606	BRALA00092
AENJA_06617	BRALA02876
AENJA_06619	BRALA07145
AENJA_06632	BRALA18936
AENJA_06639	BRALA15295
AENJA_06655	BRALA16695
AENJA_06669	BRALA31797
AENJA_06670	BRALA05292
AENJA_06671	BRALA16345
AENJA_06676	BRALA02118
AENJA_06678	BRALA28363
AENJA_06697	BRALA05481
AENJA_06711	BRALA21834
AENJA_06717	BRALA06725
AENJA_06729	BRALA15081
AENJA_06732	BRALA08424
AENJA_06741	BRALA28691
AENJA_06742	BRALA23221
AENJA_06749	BRALA30382
AENJA_06761	BRALA21781
AENJA_06764	BRALA07012
AENJA_06780	BRALA13547
AENJA_06782	BRALA23203
AENJA_06786	BRALA15037
AENJA_06787	BRALA17585
AENJA_06793	BRALA19184
AENJA_06816	BRALA13351
AENJA_06822	BRALA31031
AENJA_06823	BRALA29135
AENJA_06828	BRALA07315
AENJA_06830	BRALA18398
AENJA_06851	BRALA16405
AENJA_06861	BRALA12795
AENJA_06862	BRALA17150
AENJA_06866	BRALA07938
AENJA_06897	BRALA02789
AENJA_06903	BRALA24095
AENJA_06904	BRALA21811
AENJA_06906	BRALA23671
AENJA_06926	BRALA21731
AENJA_06933	BRALA21473
AENJA_06936	BRALA07695
AENJA_06941	BRALA09613
AENJA_06954	BRALA09771
AENJA_06955	BRALA09678
AENJA_06969	BRALA09425
AENJA_06970	BRALA20489
AENJA_06971	BRALA19739
AENJA_06975	BRALA07134
AENJA_06985	BRALA09548
AENJA_06987	BRALA18224
AENJA_06996	BRALA01425
AENJA_06998	BRALA23171
AENJA_07017	BRALA15756
AENJA_07020	BRALA25636
AENJA_07023	BRALA03154
AENJA_07025	BRALA16619
AENJA_07026	BRALA15560
AENJA_07027	BRALA15558
AENJA_07031	BRALA16614
AENJA_07034	BRALA16553
AENJA_07036	BRALA30175
AENJA_07045	BRALA20551
AENJA_07053	BRALA06404
AENJA_07057	BRALA06449
AENJA_07059	BRALA14003
AENJA_07102	BRALA00367
AENJA_07104	BRALA11262
AENJA_07116	BRALA19296
AENJA_07117	BRALA19297
AENJA_07123	BRALA19286
AENJA_07131	BRALA00316
AENJA_07134	BRALA06343
AENJA_07137	BRALA13609
AENJA_07138	BRALA20006
AENJA_07147	BRALA11898
AENJA_07167	BRALA16312
AENJA_07168	BRALA23633
AENJA_07170	BRALA11457
AENJA_07183	BRALA23690
AENJA_07190	BRALA17057
AENJA_07194	BRALA06332
AENJA_07195	BRALA14466
AENJA_07201	BRALA12190
AENJA_07202	BRALA12189
AENJA_07203	BRALA11703
AENJA_07204	BRALA12194
AENJA_07206	BRALA29961
AENJA_07209	BRALA05335
AENJA_07214	BRALA00540
AENJA_07216	BRALA04443
AENJA_07226	BRALA07568
AENJA_07237	BRALA24439
AENJA_07271	BRALA12025
AENJA_07278	BRALA33162
AENJA_07280	BRALA21368
AENJA_07281	BRALA07031
AENJA_07294	BRALA10542
AENJA_07304	BRALA14793
AENJA_07353	BRALA22486
AENJA_07354	BRALA22485
AENJA_07360	BRALA31854
AENJA_07368	BRALA10544
AENJA_07374	BRALA00510
AENJA_07376	BRALA27766
AENJA_07397	BRALA13098
AENJA_07400	BRALA13137
AENJA_07442	BRALA13973
AENJA_07466	BRALA28825
AENJA_07467	BRALA11547
AENJA_07474	BRALA29483
AENJA_07476	BRALA24041
AENJA_07485	BRALA30754
AENJA_07498	BRALA30065
AENJA_07506	BRALA15033
AENJA_07508	BRALA18783
AENJA_07538	BRALA11999
AENJA_07545	BRALA30647
AENJA_07554	BRALA03273
AENJA_07566	BRALA31857
AENJA_07567	BRALA27979
AENJA_07568	BRALA06014
AENJA_07572	BRALA20896
AENJA_07574	BRALA29811
AENJA_07575	BRALA13998
AENJA_07578	BRALA06482
AENJA_07588	BRALA14260
AENJA_07590	BRALA12089
AENJA_07591	BRALA11567
AENJA_07613	BRALA11776
AENJA_07615	BRALA15949
AENJA_07638	BRALA22449
AENJA_07640	BRALA14563
AENJA_07641	BRALA23188
AENJA_07644	BRALA14565
AENJA_07667	BRALA22540
AENJA_07677	BRALA13068
AENJA_07683	BRALA28662
AENJA_07688	BRALA33714
AENJA_07697	BRALA24713
AENJA_07698	BRALA07390
AENJA_07705	BRALA15994
AENJA_07713	BRALA11895
AENJA_07716	BRALA13338
AENJA_07720	BRALA29252
AENJA_07724	BRALA18712
AENJA_07729	BRALA34076
AENJA_07733	BRALA20581
AENJA_07745	BRALA19194
AENJA_07784	BRALA11529
AENJA_07801	BRALA13293
AENJA_07803	BRALA21601
AENJA_07811	BRALA13670
AENJA_07816	BRALA05659
AENJA_07822	BRALA14248
AENJA_07823	BRALA24840
AENJA_07830	BRALA02672
AENJA_07843	BRALA32659
AENJA_07844	BRALA08245
AENJA_07849	BRALA18547
AENJA_07851	BRALA29464
AENJA_07854	BRALA14677
AENJA_07861	BRALA19503
AENJA_07868	BRALA12184
AENJA_07876	BRALA08958
AENJA_07878	BRALA11852
AENJA_07882	BRALA03712
AENJA_07888	BRALA07744
AENJA_07903	BRALA16772
AENJA_07905	BRALA10413
AENJA_07906	BRALA31721
AENJA_07909	BRALA02981
AENJA_07918	BRALA14728
AENJA_07919	BRALA14949
AENJA_07921	BRALA09761
AENJA_07937	BRALA00938
AENJA_07940	BRALA14059
AENJA_07942	BRALA20264
AENJA_07947	BRALA18130
AENJA_07959	BRALA29869
AENJA_07969	BRALA18685
AENJA_07980	BRALA11859
AENJA_07993	BRALA12907
AENJA_07996	BRALA03146
AENJA_07997	BRALA17170
AENJA_08000	BRALA14280
AENJA_08010	BRALA28731
AENJA_08012	BRALA35299
AENJA_08020	BRALA17179
AENJA_08021	BRALA12809
AENJA_08024	BRALA09459
AENJA_08029	BRALA03301
AENJA_08047	BRALA16045
AENJA_08049	BRALA02116
AENJA_08050	BRALA05308
AENJA_08073	BRALA18983
AENJA_08074	BRALA18981
AENJA_08081	BRALA05000
AENJA_08082	BRALA06359
AENJA_08084	BRALA06378
AENJA_08085	BRALA06379
AENJA_08092	BRALA14687
AENJA_08093	BRALA15155
AENJA_08094	BRALA14585
AENJA_08096	BRALA23740
AENJA_08099	BRALA16626
AENJA_08106	BRALA35327
AENJA_08108	BRALA13611
AENJA_08117	BRALA09208
AENJA_08143	BRALA25077
AENJA_08149	BRALA23621
AENJA_08153	BRALA27586
AENJA_08154	BRALA25057
AENJA_08157	BRALA29530
AENJA_08160	BRALA18659
AENJA_08161	BRALA11471
AENJA_08162	BRALA09898
AENJA_08164	BRALA11501
AENJA_08165	BRALA25587
AENJA_08170	BRALA28448
AENJA_08186	BRALA11523
AENJA_08187	BRALA16380
AENJA_08190	BRALA12692
AENJA_08198	BRALA20127
AENJA_08201	BRALA28317
AENJA_08218	BRALA04107
AENJA_08232	BRALA10453
AENJA_08235	BRALA21981
AENJA_08236	BRALA11196
AENJA_08241	BRALA25429
AENJA_08247	BRALA12427
AENJA_08248	BRALA27969
AENJA_08249	BRALA11230
AENJA_08250	BRALA12280
AENJA_08251	BRALA22898
AENJA_08252	BRALA13456
AENJA_08254	BRALA27583
AENJA_08256	BRALA00448
AENJA_08274	BRALA30873
AENJA_08287	BRALA27655
AENJA_08288	BRALA04233
AENJA_08292	BRALA21273
AENJA_08307	BRALA25048
AENJA_08318	BRALA05720
AENJA_08322	BRALA20547
AENJA_08323	BRALA06092
AENJA_08329	BRALA25344
AENJA_08334	BRALA13633
AENJA_08336	BRALA13263
AENJA_08342	BRALA00325
AENJA_08344	BRALA04311
AENJA_08347	BRALA07893
AENJA_08348	BRALA00085
AENJA_08353	BRALA33467
AENJA_08367	BRALA11427
AENJA_08382	BRALA18980
AENJA_08394	BRALA16955
AENJA_08395	BRALA12672
AENJA_08396	BRALA12685
AENJA_08399	BRALA26325
AENJA_08403	BRALA22506
AENJA_08409	BRALA22513
AENJA_08417	BRALA08919
AENJA_08418	BRALA21727
AENJA_08421	BRALA14966
AENJA_08427	BRALA12426
AENJA_08448	BRALA25798
AENJA_08473	BRALA28027
AENJA_08477	BRALA30670
AENJA_08485	BRALA14482
AENJA_08486	BRALA07441
AENJA_08489	BRALA23683
AENJA_08490	BRALA23685
AENJA_08494	BRALA03278
AENJA_08496	BRALA19084
AENJA_08502	BRALA20254
AENJA_08516	BRALA19009
AENJA_08529	BRALA29786
AENJA_08568	BRALA13760
AENJA_08569	BRALA15161
AENJA_08571	BRALA15160
AENJA_08572	BRALA26127
AENJA_08573	BRALA28911
AENJA_08584	BRALA15765
AENJA_08590	BRALA14576
AENJA_08610	BRALA29041
AENJA_08620	BRALA25116
AENJA_08621	BRALA08071
AENJA_08627	BRALA22417
AENJA_08628	BRALA19091
AENJA_08631	BRALA21997
AENJA_08634	BRALA03150
AENJA_08635	BRALA27309
AENJA_08637	BRALA08123
AENJA_08638	BRALA16943
AENJA_08647	BRALA17338
AENJA_08652	BRALA02776
AENJA_08657	BRALA21822
AENJA_08658	BRALA18373
AENJA_08664	BRALA01387
AENJA_08665	BRALA12040
AENJA_08669	BRALA24991
AENJA_08672	BRALA11917
AENJA_08673	BRALA11916
AENJA_08684	BRALA07151
AENJA_08700	BRALA29400
AENJA_08704	BRALA19290
AENJA_08714	BRALA15901
AENJA_08719	BRALA33947
AENJA_08730	BRALA25943
AENJA_08731	BRALA22283
AENJA_08732	BRALA05405
AENJA_08739	BRALA15451
AENJA_08751	BRALA00617
AENJA_08756	BRALA18705
AENJA_08758	BRALA08405
AENJA_08768	BRALA35461
AENJA_08770	BRALA25332
AENJA_08785	BRALA05507
AENJA_08799	BRALA07078
AENJA_08801	BRALA02099
AENJA_08806	BRALA07080
AENJA_08819	BRALA23709
AENJA_08823	BRALA02584
AENJA_08825	BRALA28857
AENJA_08829	BRALA04289
AENJA_08834	BRALA09070
AENJA_08836	BRALA14459
AENJA_08838	BRALA23680
AENJA_08839	BRALA23677
AENJA_08862	BRALA11188
AENJA_08864	BRALA19464
AENJA_08866	BRALA19097
AENJA_08868	BRALA11189
AENJA_08872	BRALA31276
AENJA_08896	BRALA24601
AENJA_08913	BRALA12361
AENJA_08917	BRALA18829
AENJA_08918	BRALA28634
AENJA_08922	BRALA12977
AENJA_08929	BRALA28227
AENJA_08939	BRALA29235
AENJA_08940	BRALA30174
AENJA_08970	BRALA07772
AENJA_08975	BRALA25785
AENJA_08999	BRALA21713
AENJA_09007	BRALA24385
AENJA_09017	BRALA15084
AENJA_09022	BRALA33844
AENJA_09026	BRALA15828
AENJA_09030	BRALA01087
AENJA_09040	BRALA07764
AENJA_09041	BRALA26756
AENJA_09042	BRALA26757
AENJA_09047	BRALA07966
AENJA_09061	BRALA11214
AENJA_09063	BRALA03853
AENJA_09065	BRALA03924
AENJA_09069	BRALA06824
AENJA_09094	BRALA21216
AENJA_09099	BRALA20587
AENJA_09105	BRALA24298
AENJA_09116	BRALA24004
AENJA_09117	BRALA02286
AENJA_09122	BRALA04148
AENJA_09123	BRALA00199
AENJA_09124	BRALA00596
AENJA_09131	BRALA24221
AENJA_09134	BRALA13552
AENJA_09141	BRALA25997
AENJA_09142	BRALA27978
AENJA_09143	BRALA21792
AENJA_09160	BRALA28449
AENJA_09164	BRALA28700
AENJA_09169	BRALA16284
AENJA_09172	BRALA16262
AENJA_09178	BRALA12819
AENJA_09182	BRALA17318
AENJA_09213	BRALA27195
AENJA_09216	BRALA28040
AENJA_09219	BRALA25649
AENJA_09222	BRALA28871
AENJA_09241	BRALA02507
AENJA_09249	BRALA25248
AENJA_09253	BRALA32768
AENJA_09257	BRALA32795
AENJA_09258	BRALA32821
AENJA_09267	BRALA09655
AENJA_09271	BRALA21732
AENJA_09272	BRALA26635
AENJA_09277	BRALA32667
AENJA_09279	BRALA10032
AENJA_09280	BRALA18333
AENJA_09281	BRALA10358
AENJA_09292	BRALA29941
AENJA_09299	BRALA17584
AENJA_09308	BRALA15092
AENJA_09310	BRALA08303
AENJA_09311	BRALA30756
AENJA_09315	BRALA08963
AENJA_09318	BRALA15926
AENJA_09322	BRALA00202
AENJA_09326	BRALA06095
AENJA_09332	BRALA24848
AENJA_09338	BRALA19947
AENJA_09339	BRALA19946
AENJA_09343	BRALA27324
AENJA_09353	BRALA34891
AENJA_09362	BRALA13313
AENJA_09367	BRALA14775
AENJA_09369	BRALA35219
AENJA_09375	BRALA33420
AENJA_09382	BRALA24710
AENJA_09383	BRALA24107
AENJA_09388	BRALA26003
AENJA_09398	BRALA13152
AENJA_09399	BRALA04161
AENJA_09400	BRALA27045
AENJA_09405	BRALA00338
AENJA_09407	BRALA04183
AENJA_09435	BRALA08906
AENJA_09436	BRALA01164
AENJA_09454	BRALA23356
AENJA_09463	BRALA06295
AENJA_09485	BRALA07020
AENJA_09491	BRALA25596
AENJA_09501	BRALA25861
AENJA_09502	BRALA18984
AENJA_09504	BRALA17358
AENJA_09505	BRALA07717
AENJA_09527	BRALA23698
AENJA_09544	BRALA23985
AENJA_09557	BRALA10022
AENJA_09561	BRALA17528
AENJA_09576	BRALA24691
AENJA_09579	BRALA18256
AENJA_09584	BRALA23077
AENJA_09586	BRALA13465
AENJA_09594	BRALA23710
AENJA_09605	BRALA24213
AENJA_09622	BRALA23715
AENJA_09631	BRALA24373
AENJA_09636	BRALA06602
AENJA_09640	BRALA19665
AENJA_09663	BRALA14991
AENJA_09668	BRALA14992
AENJA_09685	BRALA21295
AENJA_09686	BRALA04626
AENJA_09689	BRALA01909
AENJA_09691	BRALA23802
AENJA_09698	BRALA04162
AENJA_09699	BRALA26659
AENJA_09702	BRALA00516
AENJA_09713	BRALA10664
AENJA_09717	BRALA00217
AENJA_09719	BRALA10705
AENJA_09722	BRALA00638
AENJA_09729	BRALA12255
AENJA_09749	BRALA00241
AENJA_09757	BRALA05590
AENJA_09759	BRALA32756
AENJA_09769	BRALA05628
AENJA_09772	BRALA15450
AENJA_09798	BRALA23619
AENJA_09805	BRALA25355
AENJA_09831	BRALA19618
AENJA_09844	BRALA04989
AENJA_09845	BRALA03079
AENJA_09854	BRALA23402
AENJA_09855	BRALA04756
AENJA_09864	BRALA29889
AENJA_09871	BRALA24043
AENJA_09876	BRALA23183
AENJA_09893	BRALA08960
AENJA_09895	BRALA13452
AENJA_09896	BRALA13682
AENJA_09897	BRALA27971
AENJA_09921	BRALA12306
AENJA_09923	BRALA24801
AENJA_09939	BRALA00365
AENJA_09948	BRALA32145
AENJA_09983	BRALA06755
AENJA_09989	BRALA03071
AENJA_09992	BRALA31941
AENJA_09995	BRALA06743
AENJA_09996	BRALA03973
AENJA_09999	BRALA03670
AENJA_10010	BRALA33749
AENJA_10014	BRALA25871
AENJA_10016	BRALA34265
AENJA_10024	BRALA05426
AENJA_10031	BRALA28979
AENJA_10033	BRALA15238
AENJA_10036	BRALA13431
AENJA_10045	BRALA16205
AENJA_10049	BRALA13606
AENJA_10051	BRALA14202
AENJA_10069	BRALA24471
AENJA_10070	BRALA21808
AENJA_10075	BRALA19998
AENJA_10076	BRALA21993
AENJA_10081	BRALA23027
AENJA_10082	BRALA09721
AENJA_10096	BRALA10392
AENJA_10100	BRALA05851
AENJA_10102	BRALA05979
AENJA_10103	BRALA17876
AENJA_10109	BRALA00767
AENJA_10120	BRALA22286
AENJA_10133	BRALA29845
AENJA_10138	BRALA00412
AENJA_10144	BRALA08077
AENJA_10145	BRALA02611
AENJA_10148	BRALA33050
AENJA_10164	BRALA12061
AENJA_10170	BRALA12063
AENJA_10202	BRALA14986
AENJA_10204	BRALA11584
AENJA_10209	BRALA33422
AENJA_10214	BRALA33781
AENJA_10229	BRALA20203
AENJA_10243	BRALA05014
AENJA_10244	BRALA25954
AENJA_10245	BRALA00733
AENJA_10246	BRALA09137
AENJA_10247	BRALA00731
AENJA_10254	BRALA23771
AENJA_10256	BRALA23722
AENJA_10258	BRALA11340
AENJA_10263	BRALA07708
AENJA_10264	BRALA13847
AENJA_10273	BRALA10620
AENJA_10277	BRALA16372
AENJA_10281	BRALA16266
AENJA_10282	BRALA09676
AENJA_10283	BRALA09599
AENJA_10285	BRALA17953
AENJA_10286	BRALA17761
AENJA_10290	BRALA14935
AENJA_10291	BRALA02332
AENJA_10295	BRALA30147
AENJA_10300	BRALA20310
AENJA_10311	BRALA29697
AENJA_10312	BRALA29696
AENJA_10315	BRALA30105
AENJA_10317	BRALA24265
AENJA_10323	BRALA19035
AENJA_10327	BRALA08959
AENJA_10333	BRALA09502
AENJA_10339	BRALA05101
AENJA_10341	BRALA11935
AENJA_10344	BRALA16630
AENJA_10358	BRALA17357
AENJA_10359	BRALA13111
AENJA_10363	BRALA25647
AENJA_10364	BRALA25648
AENJA_10365	BRALA17388
AENJA_10378	BRALA07237
AENJA_10381	BRALA34572
AENJA_10383	BRALA23592
AENJA_10384	BRALA29273
AENJA_10416	BRALA02367
AENJA_10429	BRALA16188
AENJA_10440	BRALA03270
AENJA_10452	BRALA21951
AENJA_10455	BRALA11135
AENJA_10456	BRALA11134
AENJA_10464	BRALA15303
AENJA_10472	BRALA01715
AENJA_10478	BRALA01908
AENJA_10488	BRALA05131
AENJA_10489	BRALA06803
AENJA_10491	BRALA05296
AENJA_10493	BRALA18002
AENJA_10503	BRALA33165
AENJA_10507	BRALA13477
AENJA_10511	BRALA09574
AENJA_10512	BRALA08494
AENJA_10515	BRALA14448
AENJA_10516	BRALA28399
AENJA_10532	BRALA08232
AENJA_10538	BRALA02252
AENJA_10560	BRALA19295
AENJA_10564	BRALA19316
AENJA_10583	BRALA13219
AENJA_10584	BRALA06436
AENJA_10594	BRALA07088
AENJA_10606	BRALA03206
AENJA_10612	BRALA12443
AENJA_10616	BRALA00133
AENJA_10621	BRALA14588
AENJA_10634	BRALA02912
AENJA_10635	BRALA34639
AENJA_10639	BRALA23332
AENJA_10651	BRALA21994
AENJA_10652	BRALA12442
AENJA_10657	BRALA01158
AENJA_10658	BRALA01156
AENJA_10680	BRALA04202
AENJA_10689	BRALA16652
AENJA_10710	BRALA27691
AENJA_10711	BRALA16639
AENJA_10712	BRALA08770
AENJA_10713	BRALA11387
AENJA_10716	BRALA01957
AENJA_10728	BRALA16636
AENJA_10745	BRALA28428
AENJA_10750	BRALA15012
AENJA_10753	BRALA29422
AENJA_10761	BRALA29804
AENJA_10766	BRALA10063
AENJA_10767	BRALA10044
AENJA_10770	BRALA10056
AENJA_10771	BRALA10057
AENJA_10775	BRALA02880
AENJA_10793	BRALA13539
AENJA_10811	BRALA11162
AENJA_10818	BRALA23885
AENJA_10826	BRALA30505
AENJA_10827	BRALA03216
AENJA_10828	BRALA03215
AENJA_10830	BRALA03214
AENJA_10837	BRALA20044
AENJA_10861	BRALA30813
AENJA_10864	BRALA26546
AENJA_10865	BRALA20697
AENJA_10869	BRALA34399
AENJA_10882	BRALA03659
AENJA_10883	BRALA33813
AENJA_10898	BRALA15803
AENJA_10903	BRALA17333
AENJA_10914	BRALA03711
AENJA_10915	BRALA17282
AENJA_10927	BRALA20563
AENJA_10928	BRALA11796
AENJA_10936	BRALA15940
AENJA_10946	BRALA27552
AENJA_10952	BRALA34136
AENJA_10956	BRALA08285
AENJA_10958	BRALA11764
AENJA_10959	BRALA08059
AENJA_10964	BRALA17116
AENJA_10965	BRALA16533
AENJA_10967	BRALA23439
AENJA_10970	BRALA22300
AENJA_10977	BRALA05325
AENJA_10978	BRALA05146
AENJA_10980	BRALA01125
AENJA_10986	BRALA29576
AENJA_10987	BRALA02471
AENJA_10990	BRALA02217
AENJA_10991	BRALA32558
AENJA_10992	BRALA04181
AENJA_10994	BRALA06632
AENJA_10995	BRALA04572
AENJA_10997	BRALA06390
AENJA_10999	BRALA06437
AENJA_11003	BRALA06391
AENJA_11004	BRALA14772
AENJA_11020	BRALA23816
AENJA_11026	BRALA04185
AENJA_11027	BRALA06150
AENJA_11029	BRALA27613
AENJA_11031	BRALA11706
AENJA_11037	BRALA16406
AENJA_11040	BRALA28218
AENJA_11042	BRALA14606
AENJA_11047	BRALA16757
AENJA_11048	BRALA28490
AENJA_11053	BRALA23571
AENJA_11054	BRALA11894
AENJA_11065	BRALA19715
AENJA_11068	BRALA32769
AENJA_11076	BRALA23467
AENJA_11083	BRALA16387
AENJA_11102	BRALA21193
AENJA_11107	BRALA02617
AENJA_11111	BRALA33934
AENJA_11123	BRALA06062
AENJA_11126	BRALA12560
AENJA_11147	BRALA13463
AENJA_11161	BRALA18633
AENJA_11169	BRALA12753
AENJA_11174	BRALA17772
AENJA_11179	BRALA00113
AENJA_11189	BRALA13490
AENJA_11191	BRALA09513
AENJA_11195	BRALA29927
AENJA_11204	BRALA21939
AENJA_11205	BRALA01688
AENJA_11207	BRALA15031
AENJA_11210	BRALA04843
AENJA_11211	BRALA16599
AENJA_11213	BRALA03268
AENJA_11227	BRALA03281
AENJA_11228	BRALA16857
AENJA_11231	BRALA18154
AENJA_11242	BRALA18092
AENJA_11247	BRALA03827
AENJA_11250	BRALA07034
AENJA_11255	BRALA22827
AENJA_11256	BRALA16911
AENJA_11264	BRALA24046
AENJA_11272	BRALA00971
AENJA_11273	BRALA05015
AENJA_11276	BRALA21937
AENJA_11277	BRALA06491
AENJA_11279	BRALA06492
AENJA_11294	BRALA19292
AENJA_11295	BRALA19309
AENJA_11301	BRALA07746
AENJA_11303	BRALA31250
AENJA_11309	BRALA07685
AENJA_11314	BRALA03332
AENJA_11317	BRALA09758
AENJA_11323	BRALA03746
AENJA_11329	BRALA23470
AENJA_11333	BRALA13965
AENJA_11334	BRALA11205
AENJA_11337	BRALA06559
AENJA_11338	BRALA10477
AENJA_11342	BRALA13527
AENJA_11345	BRALA14627
AENJA_11346	BRALA17573
AENJA_11350	BRALA21760
AENJA_11357	BRALA34810
AENJA_11358	BRALA23768
AENJA_11362	BRALA01758
AENJA_11365	BRALA31422
AENJA_11379	BRALA25978
AENJA_11386	BRALA12338
AENJA_11388	BRALA28235
AENJA_11417	BRALA03647
AENJA_11419	BRALA20225
AENJA_11424	BRALA14958
AENJA_11425	BRALA14953
AENJA_11433	BRALA00419
AENJA_11434	BRALA14413
AENJA_11435	BRALA04203
AENJA_11438	BRALA01069
AENJA_11448	BRALA23176
AENJA_11457	BRALA00473
AENJA_11464	BRALA04159
AENJA_11466	BRALA04285
AENJA_11469	BRALA13415
AENJA_11470	BRALA22838
AENJA_11486	BRALA05745
AENJA_11488	BRALA32850
AENJA_11497	BRALA03335
AENJA_11499	BRALA20546
AENJA_11504	BRALA29866
AENJA_11509	BRALA25779
AENJA_11511	BRALA08755
AENJA_11512	BRALA10466
AENJA_11513	BRALA10406
AENJA_11514	BRALA27367
AENJA_11517	BRALA13017
AENJA_11520	BRALA26386
AENJA_11554	BRALA22166
AENJA_11559	BRALA02596
AENJA_11564	BRALA02996
AENJA_11568	BRALA11624
AENJA_11569	BRALA18327
AENJA_11580	BRALA11309
AENJA_11583	BRALA07037
AENJA_11584	BRALA08920
AENJA_11592	BRALA26831
AENJA_11595	BRALA32123
AENJA_11619	BRALA23587
AENJA_11622	BRALA07296
AENJA_11625	BRALA29321
AENJA_11631	BRALA20327
AENJA_11632	BRALA32175
AENJA_11660	BRALA03160
AENJA_11662	BRALA22413
AENJA_11663	BRALA03161
AENJA_11664	BRALA12528
AENJA_11670	BRALA16701
AENJA_11676	BRALA13202
AENJA_11677	BRALA07356
AENJA_11678	BRALA14547
AENJA_11682	BRALA23676
AENJA_11692	BRALA08582
AENJA_11701	BRALA22738
AENJA_11703	BRALA22920
AENJA_11707	BRALA22580
AENJA_11708	BRALA22942
AENJA_11713	BRALA16279
AENJA_11715	BRALA16277
AENJA_11717	BRALA28371
AENJA_11724	BRALA08006
AENJA_11726	BRALA04186
AENJA_11741	BRALA02228
AENJA_11752	BRALA24079
AENJA_11757	BRALA12175
AENJA_11759	BRALA27284
AENJA_11779	BRALA21288
AENJA_11780	BRALA21289
AENJA_11782	BRALA01427
AENJA_11787	BRALA07253
AENJA_11798	BRALA11419
AENJA_11806	BRALA31136
AENJA_11807	BRALA31138
AENJA_11819	BRALA21578
AENJA_11859	BRALA01368
AENJA_11860	BRALA03770
AENJA_11880	BRALA14472
AENJA_11890	BRALA30388
AENJA_11895	BRALA06346
AENJA_11897	BRALA23054
AENJA_11903	BRALA19966
AENJA_11906	BRALA13959
AENJA_11917	BRALA07312
AENJA_11923	BRALA13696
AENJA_11925	BRALA13626
AENJA_11927	BRALA13639
AENJA_11952	BRALA07331
AENJA_11953	BRALA07365
AENJA_11962	BRALA15154
AENJA_11965	BRALA30548
AENJA_11978	BRALA27089
AENJA_12011	BRALA20088
AENJA_12028	BRALA17967
AENJA_12058	BRALA02487
AENJA_12060	BRALA04828
AENJA_12065	BRALA04851
AENJA_12067	BRALA31761
AENJA_12070	BRALA16352
AENJA_12073	BRALA18848
AENJA_12075	BRALA29301
AENJA_12079	BRALA24875
AENJA_12084	BRALA10634
AENJA_12096	BRALA06744
AENJA_12102	BRALA06166
AENJA_12104	BRALA21572
AENJA_12106	BRALA24434
AENJA_12107	BRALA07338
AENJA_12111	BRALA04476
AENJA_12113	BRALA00329
AENJA_12119	BRALA19532
AENJA_12135	BRALA05260
AENJA_12143	BRALA06793
AENJA_12144	BRALA03675
AENJA_12149	BRALA08294
AENJA_12156	BRALA03639
AENJA_12157	BRALA20668
AENJA_12164	BRALA09387
AENJA_12166	BRALA26111
AENJA_12181	BRALA13324
AENJA_12182	BRALA13325
AENJA_12188	BRALA17313
AENJA_12198	BRALA23604
AENJA_12201	BRALA07117
AENJA_12232	BRALA15699
AENJA_12235	BRALA09125
AENJA_12236	BRALA14063
AENJA_12237	BRALA00427
AENJA_12249	BRALA07027
AENJA_12280	BRALA09098
AENJA_12296	BRALA18307
AENJA_12297	BRALA19453
AENJA_12312	BRALA19416
AENJA_12314	BRALA16042
AENJA_12320	BRALA16005
AENJA_12321	BRALA16043
AENJA_12322	BRALA15377
AENJA_12327	BRALA06706
AENJA_12329	BRALA17893
AENJA_12330	BRALA23133
AENJA_12332	BRALA22242
AENJA_12333	BRALA10147
AENJA_12347	BRALA14450
AENJA_12348	BRALA30181
AENJA_12349	BRALA25024
AENJA_12351	BRALA30180
AENJA_12355	BRALA06350
AENJA_12359	BRALA22303
AENJA_12367	BRALA22394
AENJA_12368	BRALA11528
AENJA_12373	BRALA28437
AENJA_12374	BRALA03455
AENJA_12408	BRALA17078
AENJA_12441	BRALA16291
AENJA_12444	BRALA24496
AENJA_12445	BRALA23984
AENJA_12452	BRALA11918
AENJA_12457	BRALA13126
AENJA_12462	BRALA15099
AENJA_12472	BRALA02474
AENJA_12473	BRALA20784
AENJA_12477	BRALA05752
AENJA_12490	BRALA34234
AENJA_12495	BRALA10628
AENJA_12498	BRALA16494
AENJA_12500	BRALA19370
AENJA_12534	BRALA20897
AENJA_12535	BRALA20894
AENJA_12555	BRALA15991
AENJA_12557	BRALA09811
AENJA_12569	BRALA24081
AENJA_12573	BRALA14189
AENJA_12596	BRALA17672
AENJA_12599	BRALA06623
AENJA_12600	BRALA03805
AENJA_12602	BRALA06708
AENJA_12607	BRALA10817
AENJA_12612	BRALA24433
AENJA_12635	BRALA25389
AENJA_12645	BRALA26297
AENJA_12647	BRALA29381
AENJA_12654	BRALA06317
AENJA_12659	BRALA18625
AENJA_12664	BRALA05687
AENJA_12668	BRALA08684
AENJA_12683	BRALA25800
AENJA_12686	BRALA26638
AENJA_12690	BRALA13461
AENJA_12705	BRALA21177
AENJA_12712	BRALA22725
AENJA_12713	BRALA15186
AENJA_12715	BRALA04875
AENJA_12723	BRALA30827
AENJA_12731	BRALA17810
AENJA_12732	BRALA29588
AENJA_12733	BRALA16627
AENJA_12736	BRALA07565
AENJA_12737	BRALA01417
AENJA_12746	BRALA23254
AENJA_12751	BRALA11733
AENJA_12760	BRALA06253
AENJA_12791	BRALA10200
AENJA_12794	BRALA10201
AENJA_12798	BRALA13776
AENJA_12804	BRALA30304
AENJA_12844	BRALA26869
AENJA_12854	BRALA04795
AENJA_12856	BRALA04994
AENJA_12858	BRALA04867
AENJA_12889	BRALA23212
AENJA_12890	BRALA13349
AENJA_12897	BRALA13347
AENJA_12898	BRALA15131
AENJA_12902	BRALA24094
AENJA_12912	BRALA25723
AENJA_12913	BRALA25727
AENJA_12916	BRALA28041
AENJA_12918	BRALA20309
AENJA_12933	BRALA21006
AENJA_12936	BRALA21005
AENJA_12947	BRALA22205
AENJA_12948	BRALA12879
AENJA_12952	BRALA26633
AENJA_12953	BRALA17687
AENJA_12959	BRALA26936
AENJA_12962	BRALA17271
AENJA_12963	BRALA22903
AENJA_12964	BRALA22902
AENJA_12969	BRALA24921
AENJA_12976	BRALA06843
AENJA_12977	BRALA04006
AENJA_12987	BRALA13701
AENJA_12988	BRALA10677
AENJA_12991	BRALA00191
AENJA_12998	BRALA24617
AENJA_12999	BRALA20467
AENJA_13000	BRALA06866
AENJA_13001	BRALA22864
AENJA_13002	BRALA16805
AENJA_13007	BRALA24599
AENJA_13011	BRALA26874
AENJA_13020	BRALA01150
AENJA_13023	BRALA01148
AENJA_13026	BRALA28858
AENJA_13027	BRALA05214
AENJA_13028	BRALA05038
AENJA_13029	BRALA05034
AENJA_13034	BRALA07318
AENJA_13043	BRALA20461
AENJA_13068	BRALA08315
AENJA_13104	BRALA11460
AENJA_13108	BRALA07643
AENJA_13115	BRALA18938
AENJA_13122	BRALA12828
AENJA_13131	BRALA19433
AENJA_13134	BRALA02208
AENJA_13142	BRALA26584
AENJA_13147	BRALA22442
AENJA_13149	BRALA35203
AENJA_13159	BRALA20255
AENJA_13174	BRALA03023
AENJA_13187	BRALA20644
AENJA_13190	BRALA10136
AENJA_13192	BRALA15013
AENJA_13193	BRALA31922
AENJA_13196	BRALA26627
AENJA_13201	BRALA19955
AENJA_13207	BRALA28883
AENJA_13214	BRALA06399
AENJA_13215	BRALA09096
AENJA_13218	BRALA13987
AENJA_13229	BRALA00432
AENJA_13234	BRALA03213
AENJA_13235	BRALA22363
AENJA_13236	BRALA19538
AENJA_13238	BRALA03369
AENJA_13245	BRALA15547
AENJA_13254	BRALA18475
AENJA_13263	BRALA02180
AENJA_13264	BRALA10635
AENJA_13265	BRALA14567
AENJA_13284	BRALA20652
AENJA_13285	BRALA18341
AENJA_13291	BRALA00407
AENJA_13298	BRALA04329
AENJA_13300	BRALA00421
AENJA_13302	BRALA00323
AENJA_13304	BRALA00317
AENJA_13320	BRALA05488
AENJA_13331	BRALA25017
AENJA_13335	BRALA13385
AENJA_13337	BRALA23437
AENJA_13338	BRALA12036
AENJA_13349	BRALA21239
AENJA_13351	BRALA03277
AENJA_13352	BRALA03379
AENJA_13353	BRALA08749
AENJA_13356	BRALA16480
AENJA_13412	BRALA23647
AENJA_13414	BRALA24225
AENJA_13415	BRALA24224
AENJA_13420	BRALA17709
AENJA_13421	BRALA24156
AENJA_13444	BRALA29926
AENJA_13446	BRALA24215
AENJA_13447	BRALA08952
AENJA_13452	BRALA24527
AENJA_13457	BRALA31278
AENJA_13459	BRALA32612
AENJA_13461	BRALA31688
AENJA_13466	BRALA29835
AENJA_13515	BRALA21975
AENJA_13517	BRALA01281
AENJA_13518	BRALA05134
AENJA_13519	BRALA06614
AENJA_13523	BRALA22151
AENJA_13533	BRALA12291
AENJA_13536	BRALA04703
AENJA_13541	BRALA01854
AENJA_13549	BRALA18635
AENJA_13555	BRALA24149
AENJA_13557	BRALA14644
AENJA_13562	BRALA02340
AENJA_13563	BRALA02708
AENJA_13567	BRALA25729
AENJA_13611	BRALA12292
AENJA_13625	BRALA03116
AENJA_13626	BRALA03114
AENJA_13628	BRALA20573
AENJA_13634	BRALA14711
AENJA_13644	BRALA15188
AENJA_13660	BRALA31021
AENJA_13668	BRALA19605
AENJA_13669	BRALA04279
AENJA_13670	BRALA26787
AENJA_13674	BRALA30026
AENJA_13677	BRALA03592
AENJA_13681	BRALA08237
AENJA_13683	BRALA08226
AENJA_13691	BRALA00941
AENJA_13692	BRALA01278
AENJA_13693	BRALA01241
AENJA_13696	BRALA25786
AENJA_13697	BRALA01009
AENJA_13702	BRALA29627
AENJA_13712	BRALA20521
AENJA_13723	BRALA17537
AENJA_13737	BRALA18182
AENJA_13740	BRALA05313
AENJA_13750	BRALA14298
AENJA_13751	BRALA06421
AENJA_13756	BRALA06284
AENJA_13757	BRALA06336
AENJA_13771	BRALA19226
AENJA_13776	BRALA03707
AENJA_13777	BRALA03612
AENJA_13779	BRALA06800
AENJA_13784	BRALA04557
AENJA_13785	BRALA08885
AENJA_13792	BRALA02293
AENJA_13793	BRALA03387
AENJA_13806	BRALA10197
AENJA_13808	BRALA16947
AENJA_13814	BRALA05583
AENJA_13820	BRALA16982
AENJA_13821	BRALA16981
AENJA_13835	BRALA25249
AENJA_13836	BRALA25250
AENJA_13837	BRALA01061
AENJA_13840	BRALA01186
AENJA_13841	BRALA01366
AENJA_13847	BRALA11089
AENJA_13848	BRALA00220
AENJA_13850	BRALA15029
AENJA_13857	BRALA08677
AENJA_13858	BRALA15768
AENJA_13874	BRALA23296
AENJA_13879	BRALA16716
AENJA_13894	BRALA21200
AENJA_13907	BRALA16362
AENJA_13908	BRALA11534
AENJA_13910	BRALA11521
AENJA_13911	BRALA24053
AENJA_13913	BRALA11506
AENJA_13915	BRALA13109
AENJA_13916	BRALA13108
AENJA_13920	BRALA13010
AENJA_13921	BRALA13007
AENJA_13923	BRALA06312
AENJA_13926	BRALA03104
AENJA_13956	BRALA02826
AENJA_13961	BRALA02649
AENJA_13964	BRALA05764
AENJA_13980	BRALA20445
AENJA_13990	BRALA20204
AENJA_13993	BRALA22751
AENJA_13996	BRALA01101
AENJA_14004	BRALA21969
AENJA_14005	BRALA13099
AENJA_14006	BRALA16715
AENJA_14010	BRALA06198
AENJA_14011	BRALA13053
AENJA_14017	BRALA09157
AENJA_14018	BRALA24176
AENJA_14021	BRALA24175
AENJA_14023	BRALA20990
AENJA_14026	BRALA29451
AENJA_14029	BRALA23211
AENJA_14039	BRALA09331
AENJA_14046	BRALA20875
AENJA_14056	BRALA14486
AENJA_14065	BRALA05772
AENJA_14066	BRALA05528
AENJA_14073	BRALA02051
AENJA_14074	BRALA19763
AENJA_14091	BRALA06113
AENJA_14113	BRALA11298
AENJA_14140	BRALA04323
AENJA_14142	BRALA04067
AENJA_14156	BRALA19935
AENJA_14159	BRALA03082
AENJA_14164	BRALA22412
AENJA_14173	BRALA00576
AENJA_14208	BRALA34142
AENJA_14222	BRALA25396
AENJA_14226	BRALA32733
AENJA_14239	BRALA06164
AENJA_14253	BRALA15943
AENJA_14256	BRALA14454
AENJA_14260	BRALA28613
AENJA_14269	BRALA16750
AENJA_14272	BRALA34404
AENJA_14274	BRALA31842
AENJA_14288	BRALA30184
AENJA_14290	BRALA27378
AENJA_14293	BRALA27370
AENJA_14308	BRALA15014
AENJA_14309	BRALA26587
AENJA_14313	BRALA02232
AENJA_14330	BRALA22739
AENJA_14337	BRALA16938
AENJA_14343	BRALA27196
AENJA_14358	BRALA09053
AENJA_14367	BRALA25284
AENJA_14369	BRALA06572
AENJA_14375	BRALA06398
AENJA_14387	BRALA08893
AENJA_14392	BRALA34772
AENJA_14393	BRALA19450
AENJA_14395	BRALA12586
AENJA_14397	BRALA31284
AENJA_14400	BRALA18097
AENJA_14418	BRALA24727
AENJA_14420	BRALA24223
AENJA_14431	BRALA29840
AENJA_14434	BRALA21678
AENJA_14437	BRALA28877
AENJA_14439	BRALA29623
AENJA_14440	BRALA01347
AENJA_14445	BRALA11232
AENJA_14448	BRALA19543
AENJA_14463	BRALA03147
AENJA_14467	BRALA19986
AENJA_14468	BRALA12550
AENJA_14495	BRALA05217
AENJA_14501	BRALA01038
AENJA_14502	BRALA25852
AENJA_14512	BRALA00050
AENJA_14523	BRALA06075
AENJA_14529	BRALA28469
AENJA_14535	BRALA01752
AENJA_14542	BRALA15025
AENJA_14547	BRALA19437
AENJA_14548	BRALA13593
AENJA_14549	BRALA00482
AENJA_14551	BRALA16177
AENJA_14552	BRALA13676
AENJA_14581	BRALA27874
AENJA_14598	BRALA11247
AENJA_14599	BRALA07455
AENJA_14611	BRALA18564
AENJA_14612	BRALA04528
AENJA_14630	BRALA32475
AENJA_14634	BRALA18137
AENJA_14641	BRALA17210
AENJA_14642	BRALA17211
AENJA_14648	BRALA19511
AENJA_14652	BRALA08308
AENJA_14653	BRALA17449
AENJA_14658	BRALA35710
AENJA_14659	BRALA12599
AENJA_14665	BRALA03706
AENJA_14678	BRALA18548
AENJA_14680	BRALA01777
AENJA_14684	BRALA01775
AENJA_14685	BRALA01776
AENJA_14694	BRALA07378
AENJA_14695	BRALA24173
AENJA_14702	BRALA03792
AENJA_14708	BRALA05242
AENJA_14709	BRALA05243
AENJA_14714	BRALA06601
AENJA_14730	BRALA21474
AENJA_14745	BRALA16422
AENJA_14750	BRALA06679
AENJA_14782	BRALA02965
AENJA_14784	BRALA24839
AENJA_14785	BRALA10037
AENJA_14790	BRALA25888
AENJA_14793	BRALA05604
AENJA_14796	BRALA15824
AENJA_14799	BRALA13222
AENJA_14805	BRALA00237
AENJA_14806	BRALA07902
AENJA_14823	BRALA01637
AENJA_14824	BRALA01571
AENJA_14841	BRALA17169
AENJA_14867	BRALA01003
AENJA_14868	BRALA19055
AENJA_14869	BRALA29541
AENJA_14875	BRALA07357
AENJA_14878	BRALA09199
AENJA_14879	BRALA09205
AENJA_14880	BRALA09201
AENJA_14894	BRALA03625
AENJA_14902	BRALA05275
AENJA_14911	BRALA10077
AENJA_14912	BRALA14160
AENJA_14914	BRALA32337
AENJA_14917	BRALA16997
AENJA_14919	BRALA09033
AENJA_14940	BRALA21828
AENJA_14942	BRALA21352
AENJA_14955	BRALA19758
AENJA_14963	BRALA03294
AENJA_14971	BRALA07880
AENJA_14986	BRALA16162
AENJA_14993	BRALA05960
AENJA_15012	BRALA01913
AENJA_15024	BRALA24188
AENJA_15025	BRALA10984
AENJA_15031	BRALA04692
AENJA_15032	BRALA13028
AENJA_15033	BRALA04507
AENJA_15049	BRALA16767
AENJA_15057	BRALA10856
AENJA_15058	BRALA28683
AENJA_15063	BRALA07817
AENJA_15083	BRALA22029
AENJA_15092	BRALA00318
AENJA_15096	BRALA28668
AENJA_15107	BRALA23387
AENJA_15109	BRALA19904
AENJA_15111	BRALA22905
AENJA_15120	BRALA25026
AENJA_15130	BRALA34106
AENJA_15131	BRALA33770
AENJA_15145	BRALA08034
AENJA_15154	BRALA24430
AENJA_15158	BRALA04218
AENJA_15168	BRALA25316
AENJA_15171	BRALA12682
AENJA_15184	BRALA24314
AENJA_15201	BRALA19131
AENJA_15204	BRALA08804
AENJA_15213	BRALA16528
AENJA_15215	BRALA09558
AENJA_15216	BRALA10983
AENJA_15219	BRALA01615
AENJA_15222	BRALA32592
AENJA_15227	BRALA28701
AENJA_15232	BRALA21755
AENJA_15237	BRALA13457
AENJA_15238	BRALA14652
AENJA_15256	BRALA07972
AENJA_15287	BRALA14732
AENJA_15293	BRALA16004
AENJA_15313	BRALA07191
AENJA_15315	BRALA15237
AENJA_15320	BRALA18620
AENJA_15322	BRALA22198
AENJA_15336	BRALA15644
AENJA_15339	BRALA22579
AENJA_15345	BRALA25968
AENJA_15347	BRALA25966
AENJA_15350	BRALA24687
AENJA_15351	BRALA26113
AENJA_15357	BRALA21485
AENJA_15360	BRALA15150
AENJA_15361	BRALA21942
AENJA_15366	BRALA28411
AENJA_15369	BRALA23643
AENJA_15377	BRALA06603
AENJA_15378	BRALA03655
AENJA_15385	BRALA01075
AENJA_15391	BRALA05328
AENJA_15394	BRALA33710
AENJA_15399	BRALA17778
AENJA_15421	BRALA22358
AENJA_15422	BRALA22361
AENJA_15435	BRALA25224
AENJA_15439	BRALA16019
AENJA_15440	BRALA16018
AENJA_15441	BRALA21168
AENJA_15445	BRALA05448
AENJA_15447	BRALA16020
AENJA_15449	BRALA06358
AENJA_15451	BRALA06316
AENJA_15456	BRALA10432
AENJA_15468	BRALA30160
AENJA_15473	BRALA33496
AENJA_15474	BRALA22628
AENJA_15476	BRALA10900
AENJA_15505	BRALA02399
AENJA_15512	BRALA02216
AENJA_15519	BRALA01439
AENJA_15520	BRALA16699
AENJA_15525	BRALA01545
AENJA_15534	BRALA00021
AENJA_15536	BRALA27325
AENJA_15537	BRALA03313
AENJA_15538	BRALA06914
AENJA_15564	BRALA19454
AENJA_15565	BRALA04375
AENJA_15570	BRALA13759
AENJA_15575	BRALA13727
AENJA_15586	BRALA09806
AENJA_15587	BRALA28418
AENJA_15588	BRALA28417
AENJA_15590	BRALA28416
AENJA_15591	BRALA28415
AENJA_15598	BRALA25111
AENJA_15613	BRALA20389
AENJA_15614	BRALA22434
AENJA_15615	BRALA08068
AENJA_15647	BRALA30354
AENJA_15653	BRALA06539
AENJA_15656	BRALA06924
AENJA_15658	BRALA04280
AENJA_15681	BRALA07828
AENJA_15682	BRALA07796
AENJA_15684	BRALA00506
AENJA_15687	BRALA23603
AENJA_15696	BRALA02657
AENJA_15701	BRALA06594
AENJA_15704	BRALA25996
AENJA_15714	BRALA05059
AENJA_15725	BRALA09537
AENJA_15726	BRALA12099
AENJA_15743	BRALA15987
AENJA_15747	BRALA10325
AENJA_15753	BRALA29770
AENJA_15754	BRALA18273
AENJA_15760	BRALA32109
AENJA_15767	BRALA30840
AENJA_15768	BRALA16865
AENJA_15771	BRALA24506
AENJA_15774	BRALA01395
AENJA_15783	BRALA33045
AENJA_15787	BRALA18893
AENJA_15788	BRALA18892
AENJA_15789	BRALA31053
AENJA_15791	BRALA28848
AENJA_15796	BRALA04302
AENJA_15798	BRALA28869
AENJA_15805	BRALA10162
AENJA_15823	BRALA09268
AENJA_15825	BRALA31319
AENJA_15828	BRALA17402
AENJA_15866	BRALA28850
AENJA_15870	BRALA18234
AENJA_15872	BRALA25395
AENJA_15880	BRALA17124
AENJA_15882	BRALA14117
AENJA_15884	BRALA07348
AENJA_15886	BRALA14521
AENJA_15889	BRALA08688
AENJA_15893	BRALA05428
AENJA_15894	BRALA18158
AENJA_15910	BRALA20284
AENJA_15914	BRALA21003
AENJA_15915	BRALA20997
AENJA_15928	BRALA07669
AENJA_15929	BRALA01343
AENJA_15931	BRALA07762
AENJA_15944	BRALA21190
AENJA_15945	BRALA23080
AENJA_15946	BRALA10666
AENJA_15948	BRALA15000
AENJA_15949	BRALA14999
AENJA_15954	BRALA12010
AENJA_15956	BRALA31588
AENJA_15959	BRALA10600
AENJA_15960	BRALA10606
AENJA_15963	BRALA04177
AENJA_15980	BRALA18395
AENJA_15981	BRALA18337
AENJA_15982	BRALA33707
AENJA_15989	BRALA04966
AENJA_15991	BRALA04957
AENJA_15998	BRALA22159
AENJA_15999	BRALA08543
AENJA_16003	BRALA07301
AENJA_16007	BRALA14964
AENJA_16010	BRALA05039
AENJA_16014	BRALA01027
AENJA_16016	BRALA01185
AENJA_16021	BRALA20262
AENJA_16025	BRALA08112
AENJA_16026	BRALA14465
AENJA_16033	BRALA21819
AENJA_16034	BRALA26163
AENJA_16046	BRALA18757
AENJA_16060	BRALA18759
AENJA_16065	BRALA00794
AENJA_16072	BRALA11553
AENJA_16073	BRALA11452
AENJA_16074	BRALA12337
AENJA_16098	BRALA18933
AENJA_16099	BRALA28820
AENJA_16101	BRALA17153
AENJA_16106	BRALA15522
AENJA_16110	BRALA19756
AENJA_16141	BRALA02255
AENJA_16156	BRALA10094
AENJA_16157	BRALA02904
AENJA_16159	BRALA27398
AENJA_16160	BRALA02543
AENJA_16161	BRALA35665
AENJA_16178	BRALA17069
AENJA_16180	BRALA24437
AENJA_16181	BRALA05802
AENJA_16184	BRALA10676
AENJA_16186	BRALA00109
AENJA_16190	BRALA17597
AENJA_16210	BRALA01503
AENJA_16214	BRALA26149
AENJA_16215	BRALA15395
AENJA_16217	BRALA05542
AENJA_16219	BRALA09830
AENJA_16221	BRALA19475
AENJA_16222	BRALA26409
AENJA_16228	BRALA04278
AENJA_16247	BRALA13435
AENJA_16261	BRALA24045
AENJA_16263	BRALA00637
AENJA_16264	BRALA24044
AENJA_16267	BRALA09332
AENJA_16289	BRALA04704
AENJA_16290	BRALA09049
AENJA_16293	BRALA08146
AENJA_16303	BRALA35024
AENJA_16304	BRALA15075
AENJA_16309	BRALA27842
AENJA_16316	BRALA15203
AENJA_16356	BRALA21370
AENJA_16378	BRALA18513
AENJA_16390	BRALA30503
AENJA_16411	BRALA01404
AENJA_16431	BRALA16807
AENJA_16437	BRALA12452
AENJA_16451	BRALA10176
AENJA_16453	BRALA00319
AENJA_16454	BRALA21843
AENJA_16456	BRALA10060
AENJA_16462	BRALA09753
AENJA_16463	BRALA13754
AENJA_16465	BRALA22957
AENJA_16469	BRALA20727
AENJA_16470	BRALA03408
AENJA_16471	BRALA21154
AENJA_16479	BRALA03106
AENJA_16480	BRALA03390
AENJA_16489	BRALA22325
AENJA_16492	BRALA04015
AENJA_16502	BRALA34302
AENJA_16506	BRALA20233
AENJA_16512	BRALA29844
AENJA_16513	BRALA07756
AENJA_16517	BRALA21703
AENJA_16519	BRALA25605
AENJA_16556	BRALA08279
AENJA_16563	BRALA01800
AENJA_16566	BRALA15776
AENJA_16573	BRALA08842
AENJA_16577	BRALA32301
AENJA_16589	BRALA04324
AENJA_16591	BRALA11264
AENJA_16592	BRALA27659
AENJA_16593	BRALA22428
AENJA_16598	BRALA23589
AENJA_16599	BRALA33785
AENJA_16608	BRALA25109
AENJA_16618	BRALA02094
AENJA_16626	BRALA09094
AENJA_16643	BRALA00277
AENJA_16648	BRALA02715
AENJA_16678	BRALA25029
AENJA_16681	BRALA11171
AENJA_16682	BRALA11170
AENJA_16683	BRALA19507
AENJA_16688	BRALA26384
AENJA_16691	BRALA06365
AENJA_16692	BRALA26697
AENJA_16697	BRALA13459
AENJA_16698	BRALA08525
AENJA_16701	BRALA08464
AENJA_16703	BRALA06333
AENJA_16715	BRALA22990
AENJA_16730	BRALA10803
AENJA_16751	BRALA08601
AENJA_16753	BRALA24603
AENJA_16764	BRALA10823
AENJA_16771	BRALA23417
AENJA_16800	BRALA12127
AENJA_16802	BRALA09902
AENJA_16808	BRALA19992
AENJA_16813	BRALA13321
AENJA_16814	BRALA13752
AENJA_16817	BRALA25707
AENJA_16826	BRALA21169
AENJA_16829	BRALA06871
AENJA_16830	BRALA07432
AENJA_16833	BRALA15378
AENJA_16834	BRALA12786
AENJA_16835	BRALA26083
AENJA_16839	BRALA28192
AENJA_16840	BRALA28196
AENJA_16843	BRALA14431
AENJA_16846	BRALA23711
AENJA_16860	BRALA14330
AENJA_16877	BRALA19647
AENJA_16899	BRALA10122
AENJA_16901	BRALA06371
AENJA_16928	BRALA27393
AENJA_16929	BRALA27392
AENJA_16933	BRALA13592
AENJA_16937	BRALA18662
AENJA_16938	BRALA21756
AENJA_16973	BRALA12716
AENJA_16976	BRALA10960
AENJA_16978	BRALA26555
AENJA_16979	BRALA05650
AENJA_16982	BRALA14329
AENJA_17013	BRALA19591
AENJA_17032	BRALA02130
AENJA_17035	BRALA13726
AENJA_17036	BRALA14646
AENJA_17039	BRALA18204
AENJA_17042	BRALA18368
AENJA_17043	BRALA01671
AENJA_17082	BRALA02652
AENJA_17120	BRALA05149
AENJA_17128	BRALA24042
AENJA_17129	BRALA15357
AENJA_17142	BRALA04195
AENJA_17151	BRALA03320
AENJA_17152	BRALA03316
AENJA_17154	BRALA17288
AENJA_17155	BRALA03314
AENJA_17159	BRALA08872
AENJA_17176	BRALA17641
AENJA_17232	BRALA02915
AENJA_17237	BRALA01936
AENJA_17241	BRALA24766
AENJA_17244	BRALA00707
AENJA_17245	BRALA08108
AENJA_17248	BRALA13584
AENJA_17256	BRALA33393
AENJA_17258	BRALA31016
AENJA_17259	BRALA24689
AENJA_17260	BRALA12183
AENJA_17274	BRALA13768
AENJA_17279	BRALA00477
AENJA_17280	BRALA17141
AENJA_17284	BRALA16806
AENJA_17303	BRALA18148
AENJA_17318	BRALA24295
AENJA_17343	BRALA13507
AENJA_17344	BRALA03880
AENJA_17346	BRALA13923
AENJA_17359	BRALA22123
AENJA_17367	BRALA33695
AENJA_17384	BRALA19368
AENJA_17394	BRALA14970
AENJA_17399	BRALA16933
AENJA_17408	BRALA25137
AENJA_17416	BRALA32135
AENJA_17422	BRALA15268
AENJA_17424	BRALA04378
AENJA_17426	BRALA30604
AENJA_17428	BRALA24199
AENJA_17434	BRALA13634
AENJA_17442	BRALA22809
AENJA_17443	BRALA33091
AENJA_17446	BRALA05519
AENJA_17447	BRALA15784
AENJA_17460	BRALA33762
AENJA_17461	BRALA29524
AENJA_17468	BRALA03728
AENJA_17474	BRALA27573
AENJA_17477	BRALA17302
AENJA_17478	BRALA17301
AENJA_17485	BRALA17107
AENJA_17498	BRALA11164
AENJA_17515	BRALA23327
AENJA_17518	BRALA08985
AENJA_17522	BRALA05147
AENJA_17524	BRALA08019
AENJA_17526	BRALA22370
AENJA_17527	BRALA01263
AENJA_17533	BRALA17181
AENJA_17540	BRALA18280
AENJA_17544	BRALA17093
AENJA_17548	BRALA01704
AENJA_17549	BRALA08360
AENJA_17550	BRALA16634
AENJA_17567	BRALA12585
AENJA_17578	BRALA15658
AENJA_17579	BRALA29789
AENJA_17583	BRALA18840
AENJA_17584	BRALA04488
AENJA_17613	BRALA09219
AENJA_17614	BRALA14342
AENJA_17626	BRALA13641
AENJA_17640	BRALA06528
AENJA_17650	BRALA28152
AENJA_17651	BRALA32778
AENJA_17695	BRALA10870
AENJA_17712	BRALA13623
AENJA_17719	BRALA15777
AENJA_17728	BRALA35963
AENJA_17735	BRALA02313
AENJA_17736	BRALA03254
AENJA_17740	BRALA01163
AENJA_17743	BRALA32082
AENJA_17746	BRALA00764
AENJA_17756	BRALA20462
AENJA_17758	BRALA17050
AENJA_17761	BRALA12052
AENJA_17766	BRALA11927
AENJA_17772	BRALA31055
AENJA_17786	BRALA01559
AENJA_17808	BRALA28325
AENJA_17809	BRALA15841
AENJA_17825	BRALA09633
AENJA_17840	BRALA06407
AENJA_17842	BRALA11231
AENJA_17844	BRALA06218
AENJA_17845	BRALA06360
AENJA_17846	BRALA18529
AENJA_17847	BRALA11167
AENJA_17850	BRALA18855
AENJA_17864	BRALA18724
AENJA_17893	BRALA26425
AENJA_17894	BRALA23613
AENJA_17898	BRALA02299
AENJA_17913	BRALA28917
AENJA_17914	BRALA12163
AENJA_17922	BRALA19110
AENJA_17931	BRALA31289
AENJA_17945	BRALA10116
AENJA_17952	BRALA02053
AENJA_17957	BRALA23312
AENJA_17964	BRALA19506
AENJA_17966	BRALA29066
AENJA_17969	BRALA04326
AENJA_17980	BRALA10713
AENJA_17987	BRALA01428
AENJA_17988	BRALA01757
AENJA_17992	BRALA08682
AENJA_17994	BRALA08680
AENJA_17996	BRALA05499
AENJA_17997	BRALA15819
AENJA_18000	BRALA08584
AENJA_18013	BRALA12573
AENJA_18014	BRALA02074
AENJA_18030	BRALA20299
AENJA_18036	BRALA16616
AENJA_18037	BRALA29622
AENJA_18041	BRALA08639
AENJA_18047	BRALA15298
AENJA_18048	BRALA05928
AENJA_18053	BRALA25616
AENJA_18081	BRALA15779
AENJA_18083	BRALA16335
AENJA_18084	BRALA16338
AENJA_18085	BRALA13862
AENJA_18088	BRALA33386
AENJA_18091	BRALA21677
AENJA_18094	BRALA15225
AENJA_18102	BRALA26576
AENJA_18105	BRALA20583
AENJA_18106	BRALA26575
AENJA_18110	BRALA18102
AENJA_18115	BRALA10069
AENJA_18117	BRALA01143
AENJA_18119	BRALA05288
AENJA_18122	BRALA01344
AENJA_18128	BRALA29152
AENJA_18129	BRALA19733
AENJA_18132	BRALA15327
AENJA_18134	BRALA22732
AENJA_18144	BRALA32839
AENJA_18147	BRALA00363
AENJA_18156	BRALA25380
AENJA_18165	BRALA00174
AENJA_18167	BRALA23202
AENJA_18178	BRALA32334
AENJA_18189	BRALA16766
AENJA_18208	BRALA34889
AENJA_18215	BRALA31201
AENJA_18220	BRALA08073
AENJA_18224	BRALA11855
AENJA_18232	BRALA09627
AENJA_18237	BRALA11275
AENJA_18241	BRALA03119
AENJA_18242	BRALA03391
AENJA_18244	BRALA19086
AENJA_18248	BRALA19961
AENJA_18261	BRALA13794
AENJA_18267	BRALA14988
AENJA_18273	BRALA32296
AENJA_18295	BRALA24820
AENJA_18299	BRALA29361
AENJA_18303	BRALA19924
AENJA_18304	BRALA24816
AENJA_18308	BRALA24825
AENJA_18310	BRALA06127
AENJA_18312	BRALA02822
AENJA_18325	BRALA03259
AENJA_18328	BRALA03282
AENJA_18333	BRALA16073
AENJA_18335	BRALA16524
AENJA_18343	BRALA20080
AENJA_18351	BRALA04609
AENJA_18353	BRALA17308
AENJA_18354	BRALA15442
AENJA_18361	BRALA08732
AENJA_18368	BRALA14613
AENJA_18377	BRALA34856
AENJA_18382	BRALA14971
AENJA_18383	BRALA27926
AENJA_18385	BRALA03663
AENJA_18386	BRALA03721
AENJA_18387	BRALA03720
AENJA_18388	BRALA06604
AENJA_18393	BRALA25027
AENJA_18412	BRALA19186
AENJA_18419	BRALA03163
AENJA_18424	BRALA01580
AENJA_18432	BRALA28914
AENJA_18434	BRALA31450
AENJA_18447	BRALA24371
AENJA_18450	BRALA24372
AENJA_18462	BRALA11251
AENJA_18467	BRALA28981
AENJA_18480	BRALA22415
AENJA_18481	BRALA22416
AENJA_18485	BRALA02572
AENJA_18507	BRALA20078
AENJA_18513	BRALA27875
AENJA_18514	BRALA24420
AENJA_18517	BRALA22491
AENJA_18519	BRALA22260
AENJA_18523	BRALA03665
AENJA_18524	BRALA25000
AENJA_18542	BRALA10092
AENJA_18562	BRALA10294
AENJA_18566	BRALA14768
AENJA_18572	BRALA08887
AENJA_18598	BRALA11638
AENJA_18604	BRALA23983
AENJA_18617	BRALA12195
AENJA_18622	BRALA21264
AENJA_18627	BRALA05641
AENJA_18631	BRALA07458
AENJA_18632	BRALA15428
AENJA_18653	BRALA18748
AENJA_18661	BRALA28216
AENJA_18668	BRALA20435
AENJA_18670	BRALA15325
AENJA_18677	BRALA05968
AENJA_18681	BRALA14607
AENJA_18682	BRALA18500
AENJA_18683	BRALA01890
AENJA_18692	BRALA02873
AENJA_18694	BRALA32317
AENJA_18699	BRALA04347
AENJA_18701	BRALA31119
AENJA_18722	BRALA28828
AENJA_18732	BRALA18242
AENJA_18736	BRALA18794
AENJA_18749	BRALA29699
AENJA_18751	BRALA05975
AENJA_18762	BRALA11414
AENJA_18767	BRALA10836
AENJA_18798	BRALA21724
AENJA_18804	BRALA19948
AENJA_18808	BRALA14444
AENJA_18812	BRALA26617
AENJA_18820	BRALA22796
AENJA_18824	BRALA32928
AENJA_18828	BRALA16138
AENJA_18829	BRALA16134
AENJA_18832	BRALA19092
AENJA_18837	BRALA11665
AENJA_18844	BRALA01384
AENJA_18858	BRALA05407
AENJA_18861	BRALA15855
AENJA_18862	BRALA14351
AENJA_18869	BRALA13743
AENJA_18877	BRALA01635
AENJA_18885	BRALA21022
AENJA_18911	BRALA18730
AENJA_18912	BRALA18733
AENJA_18919	BRALA07942
AENJA_18929	BRALA29817
AENJA_18933	BRALA19298
AENJA_18935	BRALA28862
AENJA_18937	BRALA17850
AENJA_18946	BRALA11353
AENJA_18947	BRALA07053
AENJA_18956	BRALA17839
AENJA_18957	BRALA11924
AENJA_18960	BRALA27124
AENJA_18965	BRALA00574
AENJA_18991	BRALA35743
AENJA_18992	BRALA25653
AENJA_19000	BRALA17307
AENJA_19001	BRALA17306
AENJA_19005	BRALA17344
AENJA_19022	BRALA18940
AENJA_19032	BRALA29044
AENJA_19050	BRALA07743
AENJA_19052	BRALA07528
AENJA_19056	BRALA08947
AENJA_19059	BRALA31269
AENJA_19062	BRALA01978
AENJA_19063	BRALA08900
AENJA_19064	BRALA08897
AENJA_19066	BRALA23962
AENJA_19068	BRALA03733
AENJA_19095	BRALA20363
AENJA_19102	BRALA12644
AENJA_19121	BRALA00218
AENJA_19144	BRALA24917
AENJA_19146	BRALA23445
AENJA_19162	BRALA03153
AENJA_19166	BRALA15002
AENJA_19167	BRALA15001
AENJA_19171	BRALA22168
AENJA_19172	BRALA07213
AENJA_19176	BRALA27666
AENJA_19182	BRALA01222
AENJA_19183	BRALA01224
AENJA_19185	BRALA01225
AENJA_19192	BRALA05037
AENJA_19212	BRALA24172
AENJA_19217	BRALA30431
AENJA_19218	BRALA00416
AENJA_19222	BRALA11808
AENJA_19225	BRALA04093
AENJA_19229	BRALA10080
AENJA_19233	BRALA02977
AENJA_19247	BRALA16629
AENJA_19248	BRALA03091
AENJA_19251	BRALA07018
AENJA_19252	BRALA07016
AENJA_19254	BRALA24414
AENJA_19255	BRALA02419
AENJA_19259	BRALA19233
AENJA_19276	BRALA09976
AENJA_19279	BRALA06380
AENJA_19295	BRALA23718
AENJA_19307	BRALA00873
AENJA_19317	BRALA20010
AENJA_19334	BRALA13590
AENJA_19340	BRALA05212
AENJA_19359	BRALA16189
AENJA_19363	BRALA23820
AENJA_19364	BRALA05522
AENJA_19374	BRALA03916
AENJA_19396	BRALA27276
AENJA_19400	BRALA05473
AENJA_19403	BRALA05560
AENJA_19404	BRALA18782
AENJA_19405	BRALA28381
AENJA_19406	BRALA20649
AENJA_19407	BRALA14234
AENJA_19409	BRALA02651
AENJA_19414	BRALA12233
AENJA_19416	BRALA27150
AENJA_19418	BRALA14712
AENJA_19421	BRALA31719
AENJA_19423	BRALA18492
AENJA_19429	BRALA31165
AENJA_19433	BRALA09812
AENJA_19463	BRALA26316
AENJA_19467	BRALA23959
AENJA_19470	BRALA23954
AENJA_19474	BRALA03897
AENJA_19485	BRALA03351
AENJA_19488	BRALA12449
AENJA_19507	BRALA25125
AENJA_19511	BRALA26586
AENJA_19528	BRALA16738
AENJA_19532	BRALA19385
AENJA_19533	BRALA22201
AENJA_19539	BRALA06903
AENJA_19573	BRALA26521
AENJA_19580	BRALA18001
AENJA_19581	BRALA08685
AENJA_19585	BRALA08686
AENJA_19603	BRALA17481
AENJA_19605	BRALA04135
AENJA_19608	BRALA24367
AENJA_19609	BRALA14103
AENJA_19612	BRALA09490
AENJA_19613	BRALA22886
AENJA_19625	BRALA08022
AENJA_19633	BRALA22440
AENJA_19654	BRALA02285
AENJA_19676	BRALA12698
AENJA_19678	BRALA10471
AENJA_19683	BRALA13694
AENJA_19687	BRALA19496
AENJA_19695	BRALA10114
AENJA_19698	BRALA10145
AENJA_19708	BRALA15252
AENJA_19709	BRALA15251
AENJA_19711	BRALA22114
AENJA_19712	BRALA24404
AENJA_19713	BRALA24402
AENJA_19714	BRALA31718
AENJA_19715	BRALA02794
AENJA_19716	BRALA23646
AENJA_19718	BRALA18417
AENJA_19722	BRALA30705
AENJA_19753	BRALA02910
AENJA_19755	BRALA18034
AENJA_19757	BRALA20330
AENJA_19765	BRALA22011
AENJA_19766	BRALA27285
AENJA_19773	BRALA07083
AENJA_19774	BRALA07082
AENJA_19775	BRALA02414
AENJA_19777	BRALA07081
AENJA_19790	BRALA03613
AENJA_19794	BRALA17997
AENJA_19798	BRALA06951
AENJA_19799	BRALA16158
AENJA_19800	BRALA04656
AENJA_19803	BRALA08899
AENJA_19805	BRALA23721
AENJA_19822	BRALA32300
AENJA_19823	BRALA00460
AENJA_19825	BRALA12975
AENJA_19829	BRALA22949
AENJA_19842	BRALA00935
AENJA_19844	BRALA00977
AENJA_19847	BRALA05183
AENJA_19866	BRALA24258
AENJA_19869	BRALA15183
AENJA_19878	BRALA17557
AENJA_19885	BRALA09638
AENJA_19898	BRALA10605
AENJA_19909	BRALA06984
AENJA_19913	BRALA16974
AENJA_19933	BRALA28225
AENJA_19936	BRALA20086
AENJA_19944	BRALA17706
AENJA_19954	BRALA17029
AENJA_19955	BRALA29533
AENJA_19957	BRALA09522
AENJA_19963	BRALA01424
AENJA_19973	BRALA12747
AENJA_19980	BRALA12757
AENJA_19989	BRALA21198
AENJA_19990	BRALA23447
AENJA_19997	BRALA22718
AENJA_20017	BRALA03092
AENJA_20025	BRALA10072
AENJA_20036	BRALA20304
AENJA_20055	BRALA05610
AENJA_20061	BRALA15792
AENJA_20070	BRALA02787
AENJA_20072	BRALA06119
AENJA_20076	BRALA11851
AENJA_20081	BRALA31305
AENJA_20082	BRALA15116
AENJA_20083	BRALA10123
AENJA_20088	BRALA26390
AENJA_20092	BRALA02782
AENJA_20094	BRALA04625
AENJA_20107	BRALA05140
AENJA_20112	BRALA17628
AENJA_20113	BRALA03311
AENJA_20118	BRALA00375
AENJA_20120	BRALA00361
AENJA_20124	BRALA10692
AENJA_20148	BRALA24154
AENJA_20161	BRALA17216
AENJA_20182	BRALA28910
AENJA_20205	BRALA25004
AENJA_20206	BRALA10665
AENJA_20207	BRALA12054
AENJA_20208	BRALA22206
AENJA_20212	BRALA29059
AENJA_20216	BRALA32581
AENJA_20219	BRALA17721
AENJA_20225	BRALA04535
AENJA_20244	BRALA14153
AENJA_20252	BRALA04182
AENJA_20253	BRALA03307
AENJA_20260	BRALA24266
AENJA_20270	BRALA17452
AENJA_20279	BRALA32314
AENJA_20280	BRALA09860
AENJA_20305	BRALA31687
AENJA_20315	BRALA12242
AENJA_20320	BRALA03913
AENJA_20326	BRALA00852
AENJA_20328	BRALA16557
AENJA_20329	BRALA00898
AENJA_20330	BRALA05304
AENJA_20331	BRALA00839
AENJA_20334	BRALA01134
AENJA_20343	BRALA09612
AENJA_20347	BRALA27475
AENJA_20349	BRALA31819
AENJA_20350	BRALA28346
AENJA_20373	BRALA03180
AENJA_20376	BRALA03374
AENJA_20379	BRALA03065
AENJA_20384	BRALA16635
AENJA_20386	BRALA22175
AENJA_20391	BRALA19305
AENJA_20394	BRALA22152
AENJA_20411	BRALA05144
AENJA_20417	BRALA31424
AENJA_20419	BRALA20638
AENJA_20427	BRALA10507
AENJA_20431	BRALA15366
AENJA_20432	BRALA13812
AENJA_20434	BRALA15364
AENJA_20435	BRALA15362
AENJA_20436	BRALA15363
AENJA_20437	BRALA17339
AENJA_20458	BRALA31341
AENJA_20459	BRALA22900
AENJA_20495	BRALA17889
AENJA_20497	BRALA13008
AENJA_20498	BRALA01446
AENJA_20500	BRALA08064
AENJA_20506	BRALA05271
AENJA_20508	BRALA12744
AENJA_20511	BRALA18988
AENJA_20513	BRALA16225
AENJA_20517	BRALA12414
AENJA_20520	BRALA19020
AENJA_20538	BRALA30795
AENJA_20551	BRALA21736
AENJA_20557	BRALA12142
AENJA_20560	BRALA12870
AENJA_20575	BRALA21850
AENJA_20588	BRALA06131
AENJA_20593	BRALA11566
AENJA_20595	BRALA06120
AENJA_20596	BRALA06079
AENJA_20614	BRALA16648
AENJA_20618	BRALA24792
AENJA_20627	BRALA06612
AENJA_20629	BRALA03255
AENJA_20630	BRALA26240
AENJA_20632	BRALA03800
AENJA_20635	BRALA08318
AENJA_20636	BRALA16934
AENJA_20655	BRALA00948
AENJA_20657	BRALA00985
AENJA_20659	BRALA00803
AENJA_20684	BRALA12128
AENJA_20688	BRALA28424
AENJA_20690	BRALA21794
AENJA_20691	BRALA10118
AENJA_20696	BRALA03686
AENJA_20698	BRALA02659
AENJA_20699	BRALA02658
AENJA_20701	BRALA25411
AENJA_20709	BRALA15766
AENJA_20712	BRALA33919
AENJA_20717	BRALA28355
AENJA_20719	BRALA13151
AENJA_20727	BRALA23175
AENJA_20731	BRALA00234
AENJA_20742	BRALA23951
AENJA_20753	BRALA24754
AENJA_20776	BRALA29366
AENJA_20793	BRALA24747
AENJA_20800	BRALA16353
AENJA_20823	BRALA19975
AENJA_20826	BRALA34167
AENJA_20829	BRALA31283
AENJA_20837	BRALA23468
AENJA_20853	BRALA33744
AENJA_20854	BRALA20906
AENJA_20857	BRALA17653
AENJA_20858	BRALA06514
AENJA_20869	BRALA28964
AENJA_20875	BRALA19633
AENJA_20879	BRALA07238
AENJA_20881	BRALA23942
AENJA_20882	BRALA28932
AENJA_20884	BRALA24916
AENJA_20890	BRALA16275
AENJA_20903	BRALA25513
AENJA_20906	BRALA24026
AENJA_20919	BRALA15875
AENJA_20928	BRALA10036
AENJA_20929	BRALA30072
AENJA_20932	BRALA21752
AENJA_20934	BRALA23213
AENJA_20938	BRALA15044
AENJA_20940	BRALA25937
AENJA_20948	BRALA26246
AENJA_20951	BRALA16593
AENJA_20962	BRALA20734
AENJA_20965	BRALA17983
AENJA_20974	BRALA07819
AENJA_20975	BRALA09265
AENJA_20977	BRALA08581
AENJA_20995	BRALA26949
AENJA_21000	BRALA15223
AENJA_21003	BRALA13955
AENJA_21004	BRALA19466
AENJA_21005	BRALA20221
AENJA_21008	BRALA18904
AENJA_21013	BRALA22059
AENJA_21031	BRALA18639
AENJA_21036	BRALA10467
AENJA_21037	BRALA06179
AENJA_21038	BRALA25275
AENJA_21040	BRALA28159
AENJA_21041	BRALA16107
AENJA_21042	BRALA25842
AENJA_21046	BRALA28370
AENJA_21048	BRALA29976
AENJA_21071	BRALA03994
AENJA_21073	BRALA04193
AENJA_21077	BRALA30021
AENJA_21088	BRALA29518
AENJA_21089	BRALA04240
AENJA_21090	BRALA12238
AENJA_21093	BRALA29461
AENJA_21097	BRALA24562
AENJA_21103	BRALA09366
AENJA_21118	BRALA04258
AENJA_21121	BRALA29816
AENJA_21123	BRALA06388
AENJA_21135	BRALA09529
AENJA_21136	BRALA13493
AENJA_21140	BRALA09562
AENJA_21141	BRALA15056
AENJA_21153	BRALA17341
AENJA_21156	BRALA18497
AENJA_21159	BRALA18496
AENJA_21163	BRALA17112
AENJA_21165	BRALA30070
AENJA_21171	BRALA04453
AENJA_21193	BRALA18962
AENJA_21195	BRALA22702
AENJA_21220	BRALA19046
AENJA_21249	BRALA26859
AENJA_21278	BRALA29115
AENJA_21289	BRALA11838
AENJA_21303	BRALA19999
AENJA_21304	BRALA33771
AENJA_21306	BRALA03186
AENJA_21307	BRALA19974
AENJA_21308	BRALA19973
AENJA_21310	BRALA06705
AENJA_21311	BRALA19626
AENJA_21312	BRALA18762
AENJA_21313	BRALA19625
AENJA_21317	BRALA29291
AENJA_21328	BRALA09831
AENJA_21336	BRALA09279
AENJA_21340	BRALA03931
AENJA_21346	BRALA15125
AENJA_21358	BRALA06106
AENJA_21364	BRALA23798
AENJA_21366	BRALA31715
AENJA_21367	BRALA06181
AENJA_21371	BRALA06311
AENJA_21375	BRALA17437
AENJA_21377	BRALA01444
AENJA_21382	BRALA15184
AENJA_21384	BRALA13247
AENJA_21395	BRALA02911
AENJA_21401	BRALA17350
AENJA_21404	BRALA00561
AENJA_21407	BRALA17354
AENJA_21408	BRALA32133
AENJA_21419	BRALA07906
AENJA_21434	BRALA17947
AENJA_21447	BRALA29939
AENJA_21464	BRALA27204
AENJA_21472	BRALA28303
AENJA_21478	BRALA24897
AENJA_21481	BRALA21047
AENJA_21483	BRALA14467
AENJA_21488	BRALA06236
AENJA_21493	BRALA06535
AENJA_21494	BRALA18626
AENJA_21495	BRALA06276
AENJA_21522	BRALA11410
AENJA_21528	BRALA19075
AENJA_21529	BRALA24661
AENJA_21531	BRALA25384
AENJA_21535	BRALA03615
AENJA_21537	BRALA28889
AENJA_21539	BRALA12496
AENJA_21540	BRALA21258
AENJA_21562	BRALA09180
AENJA_21569	BRALA28056
AENJA_21571	BRALA18953
AENJA_21588	BRALA03165
AENJA_21591	BRALA03305
AENJA_21601	BRALA07241
AENJA_21603	BRALA31139
AENJA_21606	BRALA26857
AENJA_21609	BRALA17154
AENJA_21612	BRALA12095
AENJA_21633	BRALA24520
AENJA_21635	BRALA33534
AENJA_21658	BRALA25853
AENJA_21659	BRALA02287
AENJA_21662	BRALA20996
AENJA_21663	BRALA19471
AENJA_21678	BRALA03090
AENJA_21692	BRALA09187
AENJA_21694	BRALA11877
AENJA_21723	BRALA29967
AENJA_21724	BRALA14256
AENJA_21727	BRALA06025
AENJA_21732	BRALA16208
AENJA_21739	BRALA02134
AENJA_21740	BRALA11657
AENJA_21743	BRALA06147
AENJA_21747	BRALA00990
AENJA_21750	BRALA16885
AENJA_21751	BRALA14961
AENJA_21764	BRALA20081
AENJA_21768	BRALA01759
AENJA_21772	BRALA18050
AENJA_21775	BRALA12764
AENJA_21776	BRALA18049
AENJA_21779	BRALA09169
AENJA_21780	BRALA09173
AENJA_21816	BRALA09266
AENJA_21819	BRALA11156
AENJA_21820	BRALA21136
AENJA_21828	BRALA23733
AENJA_21844	BRALA11716
AENJA_21849	BRALA27657
AENJA_21856	BRALA11739
AENJA_21858	BRALA08931
AENJA_21860	BRALA08934
AENJA_21873	BRALA32116
AENJA_21886	BRALA26678
AENJA_21894	BRALA27286
AENJA_21908	BRALA25349
AENJA_21909	BRALA06426
AENJA_21910	BRALA10408
AENJA_21933	BRALA16691
AENJA_21937	BRALA04098
AENJA_21938	BRALA03797
AENJA_21950	BRALA31166
AENJA_21956	BRALA05973
AENJA_21961	BRALA15290
AENJA_21968	BRALA15218
AENJA_21974	BRALA17196
AENJA_21986	BRALA09780
AENJA_21987	BRALA08214
AENJA_22006	BRALA08891
AENJA_22012	BRALA01036
AENJA_22026	BRALA03748
AENJA_22036	BRALA01389
AENJA_22067	BRALA00936
AENJA_22069	BRALA05306
AENJA_22076	BRALA23505
AENJA_22080	BRALA13612
AENJA_22085	BRALA00556
AENJA_22086	BRALA00543
AENJA_22087	BRALA04224
AENJA_22101	BRALA30288
AENJA_22117	BRALA03446
AENJA_22119	BRALA16448
AENJA_22120	BRALA22399
AENJA_22121	BRALA20025
AENJA_22130	BRALA17731
AENJA_22131	BRALA17730
AENJA_22151	BRALA12994
AENJA_22164	BRALA22845
AENJA_22172	BRALA08372
AENJA_22190	BRALA05181
AENJA_22196	BRALA11919
AENJA_22197	BRALA18873
AENJA_22198	BRALA18872
AENJA_22232	BRALA21364
AENJA_22241	BRALA25372
AENJA_22248	BRALA28026
AENJA_22253	BRALA13308
AENJA_22258	BRALA25784
AENJA_22260	BRALA25961
AENJA_22263	BRALA10308
AENJA_22269	BRALA17356
AENJA_22272	BRALA09404
AENJA_22277	BRALA20316
AENJA_22284	BRALA06093
AENJA_22297	BRALA03139
AENJA_22299	BRALA03386
AENJA_22300	BRALA00348
AENJA_22301	BRALA20571
AENJA_22302	BRALA25617
AENJA_22303	BRALA03085
AENJA_22325	BRALA35916
AENJA_22326	BRALA12484
AENJA_22338	BRALA05253
AENJA_22340	BRALA00751
AENJA_22341	BRALA00756
AENJA_22343	BRALA01103
AENJA_22355	BRALA24431
AENJA_22377	BRALA18122
AENJA_22397	BRALA10414
AENJA_22399	BRALA23741
AENJA_22403	BRALA18578
AENJA_22404	BRALA00293
AENJA_22405	BRALA04294
AENJA_22426	BRALA25602
AENJA_22430	BRALA21053
AENJA_22454	BRALA03780
AENJA_22468	BRALA29772
AENJA_22469	BRALA29773
AENJA_22470	BRALA07566
AENJA_22471	BRALA23863
AENJA_22486	BRALA29571
AENJA_22488	BRALA18879
AENJA_22527	BRALA21573
AENJA_22529	BRALA03874
AENJA_22544	BRALA16390
AENJA_22550	BRALA04628
AENJA_22556	BRALA04774
AENJA_22560	BRALA15635
AENJA_22561	BRALA22866
AENJA_22565	BRALA22865
AENJA_22570	BRALA09465
AENJA_22573	BRALA24502
AENJA_22582	BRALA07319
AENJA_22586	BRALA11623
AENJA_22608	BRALA14579
AENJA_22610	BRALA16388
AENJA_22611	BRALA16393
AENJA_22615	BRALA02586
AENJA_22617	BRALA21795
AENJA_22625	BRALA26622
AENJA_22627	BRALA05637
AENJA_22630	BRALA18740
AENJA_22640	BRALA29211
AENJA_22657	BRALA08107
AENJA_22661	BRALA34987
AENJA_22664	BRALA07917
AENJA_22665	BRALA16186
AENJA_22677	BRALA16606
AENJA_22678	BRALA29740
AENJA_22684	BRALA08342
AENJA_22691	BRALA19251
AENJA_22695	BRALA18608
AENJA_22696	BRALA18610
AENJA_22698	BRALA18615
AENJA_22699	BRALA29322
AENJA_22704	BRALA31965
AENJA_22711	BRALA33988
AENJA_22715	BRALA01030
AENJA_22716	BRALA16888
AENJA_22721	BRALA05196
AENJA_22731	BRALA19760
AENJA_22734	BRALA34738
AENJA_22766	BRALA16333
AENJA_22777	BRALA26412
AENJA_22806	BRALA25704
AENJA_22811	BRALA24417
AENJA_22813	BRALA26159
AENJA_22814	BRALA26160
AENJA_22817	BRALA17669
AENJA_22826	BRALA21004
AENJA_22829	BRALA24796
AENJA_22831	BRALA15375
AENJA_22835	BRALA12678
AENJA_22852	BRALA06823
AENJA_22873	BRALA27109
AENJA_22877	BRALA28162
AENJA_22881	BRALA04313
AENJA_22885	BRALA18648
AENJA_22886	BRALA18647
AENJA_22888	BRALA25276
AENJA_22892	BRALA02242
AENJA_22893	BRALA05718
AENJA_22901	BRALA16849
AENJA_22906	BRALA18486
AENJA_22919	BRALA18208
AENJA_22934	BRALA18432
AENJA_22935	BRALA02591
AENJA_22939	BRALA18427
AENJA_22940	BRALA23094
AENJA_22951	BRALA10023
AENJA_22959	BRALA02846
AENJA_22968	BRALA04787
AENJA_22982	BRALA10740
AENJA_22986	BRALA32303
AENJA_22991	BRALA12571
AENJA_22995	BRALA15024
AENJA_22996	BRALA15119
AENJA_23009	BRALA09487
AENJA_23010	BRALA26104
AENJA_23013	BRALA31449
AENJA_23014	BRALA18862
AENJA_23015	BRALA29446
AENJA_23019	BRALA12345
AENJA_23028	BRALA19759
AENJA_23029	BRALA12104
AENJA_23033	BRALA26890
AENJA_23047	BRALA06034
AENJA_23053	BRALA13658
AENJA_23067	BRALA18518
AENJA_23068	BRALA17892
AENJA_23070	BRALA17095
AENJA_23071	BRALA18519
AENJA_23077	BRALA27934
AENJA_23079	BRALA21711
AENJA_23083	BRALA24475
AENJA_23085	BRALA10538
AENJA_23093	BRALA33350
AENJA_23112	BRALA23061
AENJA_23124	BRALA28926
AENJA_23127	BRALA15040
AENJA_23139	BRALA14007
AENJA_23149	BRALA14052
AENJA_23164	BRALA15716
AENJA_23165	BRALA34122
AENJA_23171	BRALA23065
AENJA_23176	BRALA13877
AENJA_23178	BRALA24714
AENJA_23181	BRALA28121
AENJA_23186	BRALA22700
AENJA_23190	BRALA22179
AENJA_23210	BRALA20394
AENJA_23214	BRALA29159
AENJA_23215	BRALA14097
AENJA_23230	BRALA27571
AENJA_23248	BRALA23817
AENJA_23249	BRALA16175
AENJA_23250	BRALA01789
AENJA_23252	BRALA14255
AENJA_23253	BRALA11720
AENJA_23278	BRALA15278
AENJA_23280	BRALA17317
AENJA_23289	BRALA00945
AENJA_23296	BRALA00749
AENJA_23297	BRALA01153
AENJA_23304	BRALA21968
AENJA_23309	BRALA03643
AENJA_23319	BRALA01475
AENJA_23321	BRALA21924
AENJA_23323	BRALA01801
AENJA_23327	BRALA16642
AENJA_23328	BRALA01713
AENJA_23332	BRALA01810
AENJA_23340	BRALA22647
AENJA_23341	BRALA10952
AENJA_23348	BRALA17015
AENJA_23349	BRALA18127
AENJA_23355	BRALA23753
AENJA_23357	BRALA01880
AENJA_23362	BRALA14278
AENJA_23367	BRALA06030
AENJA_23369	BRALA23362
AENJA_23373	BRALA22390
AENJA_23376	BRALA03791
AENJA_23377	BRALA10957
AENJA_23378	BRALA01237
AENJA_23384	BRALA03355
AENJA_23385	BRALA21797
AENJA_23386	BRALA15008
AENJA_23392	BRALA12145
AENJA_23395	BRALA03354
AENJA_23396	BRALA16349
AENJA_23405	BRALA18777
AENJA_23406	BRALA06610
AENJA_23407	BRALA28498
AENJA_23409	BRALA21432
AENJA_23416	BRALA14880
AENJA_23417	BRALA31899
AENJA_23425	BRALA21281
AENJA_23454	BRALA00520
AENJA_23455	BRALA20706
AENJA_23469	BRALA01194
AENJA_23472	BRALA05364
AENJA_23474	BRALA09476
AENJA_23478	BRALA18227
AENJA_23480	BRALA09481
AENJA_23482	BRALA21116
AENJA_23484	BRALA03554
AENJA_23486	BRALA12754
AENJA_23489	BRALA12756
AENJA_23497	BRALA01195
AENJA_23498	BRALA01196
AENJA_23500	BRALA29796
AENJA_23507	BRALA27622
AENJA_23515	BRALA16491
AENJA_23516	BRALA28179
AENJA_23534	BRALA13625
AENJA_23535	BRALA02872
AENJA_23537	BRALA02631
AENJA_23541	BRALA27932
AENJA_23545	BRALA16355
AENJA_23554	BRALA29136
AENJA_23557	BRALA13476
AENJA_23559	BRALA14562
AENJA_23560	BRALA08425
AENJA_23565	BRALA13353
AENJA_23568	BRALA13421
AENJA_23581	BRALA15769
AENJA_23594	BRALA25345
AENJA_23597	BRALA12851
AENJA_23630	BRALA22618
AENJA_23652	BRALA26763
AENJA_23661	BRALA03048
AENJA_23664	BRALA02544
AENJA_23667	BRALA25386
AENJA_23668	BRALA22426
AENJA_23670	BRALA22423
AENJA_23675	BRALA03067
AENJA_23686	BRALA17580
AENJA_23699	BRALA27069
AENJA_23700	BRALA04168
AENJA_23701	BRALA00519
AENJA_23702	BRALA03101
AENJA_23709	BRALA03732
AENJA_23710	BRALA16357
AENJA_23716	BRALA07072
AENJA_23719	BRALA15060
AENJA_23724	BRALA16598
AENJA_23725	BRALA20874
AENJA_23727	BRALA32772
AENJA_23732	BRALA21584
AENJA_23733	BRALA22278
AENJA_23739	BRALA00684
AENJA_23741	BRALA04141
AENJA_23745	BRALA11316
AENJA_23752	BRALA21716
AENJA_23753	BRALA09059
AENJA_23755	BRALA14480
AENJA_23771	BRALA31615
AENJA_23772	BRALA25392
AENJA_23782	BRALA13549
AENJA_23784	BRALA09530
AENJA_23785	BRALA15027
AENJA_23786	BRALA14568
AENJA_23788	BRALA14570
AENJA_23790	BRALA08981
AENJA_23809	BRALA16927
AENJA_23854	BRALA17340
AENJA_23857	BRALA20032
AENJA_23869	BRALA03442
AENJA_23870	BRALA03440
AENJA_23883	BRALA01838
AENJA_23886	BRALA05974
AENJA_23888	BRALA16160
AENJA_23906	BRALA27590
AENJA_23907	BRALA25078
AENJA_23910	BRALA30687
AENJA_23929	BRALA31576
AENJA_23930	BRALA13148
AENJA_23948	BRALA33500
AENJA_23954	BRALA19064
AENJA_23957	BRALA02964
AENJA_23962	BRALA13792
AENJA_23963	BRALA18863
AENJA_23968	BRALA00965
AENJA_23970	BRALA31710
AENJA_23971	BRALA28212
AENJA_23984	BRALA11399
AENJA_23992	BRALA00595
AENJA_24034	BRALA13113
AENJA_24050	BRALA23961
AENJA_24066	BRALA30389
AENJA_24075	BRALA26144
AENJA_24077	BRALA22528
AENJA_24092	BRALA14510
AENJA_24111	BRALA34030
AENJA_24112	BRALA26374
AENJA_24127	BRALA21730
AENJA_24129	BRALA00179
AENJA_24130	BRALA18221
AENJA_24135	BRALA00169
AENJA_24136	BRALA00170
AENJA_24137	BRALA35514
AENJA_24147	BRALA14478
AENJA_24151	BRALA16572
AENJA_24152	BRALA14809
AENJA_24175	BRALA02878
AENJA_24178	BRALA27598
AENJA_24180	BRALA11454
AENJA_24189	BRALA25854
AENJA_24196	BRALA25626
AENJA_24202	BRALA03553
AENJA_24203	BRALA03347
AENJA_24204	BRALA03348
AENJA_24214	BRALA19534
AENJA_24225	BRALA05145
AENJA_24257	BRALA01068
AENJA_24262	BRALA24851
AENJA_24285	BRALA17998
AENJA_24290	BRALA03025
AENJA_24294	BRALA28633
AENJA_24297	BRALA08310
AENJA_24302	BRALA00288
AENJA_24305	BRALA00336
AENJA_24308	BRALA04403
AENJA_24317	BRALA13304
AENJA_24359	BRALA24474
AENJA_24360	BRALA27463
AENJA_24361	BRALA27464
AENJA_24363	BRALA15297
AENJA_24364	BRALA12748
AENJA_24368	BRALA24386
AENJA_24370	BRALA20324
AENJA_24385	BRALA07414
AENJA_24391	BRALA14777
AENJA_24393	BRALA27217
AENJA_24416	BRALA07883
AENJA_24422	BRALA08044
AENJA_24423	BRALA02259
AENJA_24426	BRALA29363
AENJA_24428	BRALA02447
AENJA_24429	BRALA04798
AENJA_24441	BRALA14292
AENJA_24458	BRALA29428
AENJA_24460	BRALA15945
AENJA_24461	BRALA17639
AENJA_24466	BRALA01152
AENJA_24469	BRALA20793
AENJA_24470	BRALA22063
AENJA_24473	BRALA01147
AENJA_24474	BRALA05315
AENJA_24480	BRALA17348
AENJA_24484	BRALA15331
AENJA_24495	BRALA34559
AENJA_24528	BRALA10199
AENJA_24537	BRALA18304
AENJA_24540	BRALA00878
AENJA_24548	BRALA30958
AENJA_24556	BRALA22407
AENJA_24565	BRALA16866
AENJA_24573	BRALA27520
AENJA_24577	BRALA21610
AENJA_24608	BRALA18100
AENJA_24612	BRALA18128
AENJA_24626	BRALA09195
AENJA_24638	BRALA29453
AENJA_24642	BRALA01751
AENJA_24680	BRALA07962
AENJA_24682	BRALA32765
AENJA_24684	BRALA14917
AENJA_24686	BRALA27977
AENJA_24702	BRALA13525
AENJA_24717	BRALA12554
AENJA_24721	BRALA16942
AENJA_24729	BRALA32191
AENJA_24733	BRALA18715
AENJA_24754	BRALA10469
AENJA_24759	BRALA02029
AENJA_24763	BRALA29978
AENJA_24766	BRALA18755
AENJA_24774	BRALA21970
AENJA_24777	BRALA18623
AENJA_24781	BRALA10385
AENJA_24782	BRALA11148
AENJA_24796	BRALA31280
AENJA_24806	BRALA21419
AENJA_24809	BRALA29298
AENJA_24811	BRALA27469
AENJA_24812	BRALA27468
AENJA_24821	BRALA23092
AENJA_24825	BRALA09605
AENJA_24826	BRALA13846
AENJA_24828	BRALA14249
AENJA_24834	BRALA31418
AENJA_24852	BRALA15234
AENJA_24855	BRALA24717
AENJA_24858	BRALA16740
AENJA_24860	BRALA23044
AENJA_24864	BRALA13024
AENJA_24865	BRALA13035
AENJA_24870	BRALA13990
AENJA_24871	BRALA10438
AENJA_24873	BRALA29887
AENJA_24877	BRALA20576
AENJA_24878	BRALA22511
AENJA_24881	BRALA22509
AENJA_24893	BRALA25001
AENJA_24897	BRALA12039
AENJA_24898	BRALA32099
AENJA_24900	BRALA12041
AENJA_24912	BRALA30977
AENJA_24919	BRALA18444
AENJA_24942	BRALA01486
AENJA_24946	BRALA23567
AENJA_24964	BRALA05089
AENJA_24982	BRALA12683
AENJA_24994	BRALA03818
AENJA_25007	BRALA07941
AENJA_25010	BRALA07946
AENJA_25017	BRALA03798
AENJA_25025	BRALA00725
AENJA_25027	BRALA21271
AENJA_25029	BRALA17396
AENJA_25063	BRALA05874
AENJA_25068	BRALA16725
AENJA_25069	BRALA16723
AENJA_25080	BRALA08070
AENJA_25083	BRALA05143
AENJA_25085	BRALA14155
AENJA_25097	BRALA17080
AENJA_25099	BRALA08590
AENJA_25100	BRALA08589
AENJA_25107	BRALA05734
AENJA_25108	BRALA12457
AENJA_25114	BRALA18476
AENJA_25118	BRALA17740
AENJA_25125	BRALA10034
AENJA_25128	BRALA22460
AENJA_25134	BRALA10025
AENJA_25150	BRALA04530
AENJA_25153	BRALA32757
AENJA_25161	BRALA10018
AENJA_25166	BRALA21225
AENJA_25167	BRALA20585
AENJA_25169	BRALA21244
AENJA_25170	BRALA03257
AENJA_25171	BRALA22405
AENJA_25172	BRALA19970
AENJA_25179	BRALA14733
AENJA_25180	BRALA10345
AENJA_25183	BRALA14595
AENJA_25191	BRALA15693
AENJA_25192	BRALA14638
AENJA_25196	BRALA08114
AENJA_25210	BRALA29526
AENJA_25212	BRALA13425
AENJA_25238	BRALA22268
AENJA_25239	BRALA18121
AENJA_25240	BRALA24688
AENJA_25248	BRALA06003
AENJA_25250	BRALA00922
AENJA_25253	BRALA04133
AENJA_25258	BRALA05621
AENJA_25266	BRALA09241
AENJA_25267	BRALA09242
AENJA_25290	BRALA25296
AENJA_25292	BRALA02163
AENJA_25298	BRALA02049
AENJA_25306	BRALA00344
AENJA_25318	BRALA22190
AENJA_25333	BRALA30166
AENJA_25363	BRALA18546
AENJA_25364	BRALA28898
AENJA_25395	BRALA13395
AENJA_25399	BRALA18296
AENJA_25404	BRALA13297
AENJA_25410	BRALA20271
AENJA_25416	BRALA06722
AENJA_25417	BRALA03898
AENJA_25419	BRALA06666
AENJA_25422	BRALA23615
AENJA_25434	BRALA21351
AENJA_25443	BRALA32632
AENJA_25444	BRALA10859
AENJA_25474	BRALA03975
AENJA_25479	BRALA03976
AENJA_25480	BRALA03693
AENJA_25486	BRALA28986
AENJA_25489	BRALA20612
AENJA_25491	BRALA14968
AENJA_25498	BRALA16530
AENJA_25499	BRALA07122
AENJA_25501	BRALA28539
AENJA_25504	BRALA07121
AENJA_25506	BRALA03524
AENJA_25512	BRALA11438
AENJA_25518	BRALA15245
AENJA_25520	BRALA15284
AENJA_25527	BRALA01476
AENJA_25530	BRALA30841
AENJA_25535	BRALA15670
AENJA_25536	BRALA28624
AENJA_25542	BRALA28427
AENJA_25544	BRALA14954
AENJA_25547	BRALA22173
AENJA_25552	BRALA21267
AENJA_25560	BRALA18502
AENJA_25566	BRALA11873
AENJA_25579	BRALA09013
AENJA_25580	BRALA07328
AENJA_25583	BRALA28780
AENJA_25589	BRALA00094
AENJA_25591	BRALA00093
AENJA_25601	BRALA34642
AENJA_25602	BRALA22094
AENJA_25603	BRALA03899
AENJA_25611	BRALA25936
AENJA_25612	BRALA15185
AENJA_25615	BRALA20022
AENJA_25619	BRALA05624
AENJA_25624	BRALA31330
AENJA_25641	BRALA30736
AENJA_25668	BRALA10028
AENJA_25674	BRALA35838
AENJA_25677	BRALA28872
AENJA_25687	BRALA00565
AENJA_25690	BRALA00564
AENJA_25711	BRALA06031
AENJA_25725	BRALA05898
AENJA_25726	BRALA12204
AENJA_25729	BRALA11717
AENJA_25732	BRALA16722
AENJA_25748	BRALA16339
AENJA_25752	BRALA21417
AENJA_25755	BRALA32464
AENJA_25756	BRALA15334
AENJA_25758	BRALA20335
AENJA_25760	BRALA20033
AENJA_25762	BRALA20040
AENJA_25765	BRALA15911
AENJA_25804	BRALA02164
AENJA_25817	BRALA28882
AENJA_25818	BRALA21693
AENJA_25819	BRALA21694
AENJA_25829	BRALA25717
AENJA_25837	BRALA12498
AENJA_25856	BRALA15030
AENJA_25859	BRALA26968
AENJA_25863	BRALA17966
AENJA_25870	BRALA24850
AENJA_25871	BRALA22597
AENJA_25875	BRALA00143
AENJA_25902	BRALA33055
AENJA_25907	BRALA26124
AENJA_25909	BRALA26251
AENJA_25913	BRALA30882
AENJA_25915	BRALA08373
AENJA_25916	BRALA11297
AENJA_25925	BRALA12778
AENJA_25929	BRALA09674
AENJA_25938	BRALA23069
AENJA_25951	BRALA22988
AENJA_25962	BRALA26946
AENJA_25963	BRALA31285
AENJA_25964	BRALA24698
AENJA_25967	BRALA26151
AENJA_25969	BRALA28846
AENJA_25978	BRALA22735
AENJA_25981	BRALA04412
AENJA_25997	BRALA28908
AENJA_25999	BRALA28965
AENJA_26001	BRALA16702
AENJA_26002	BRALA16638
AENJA_26018	BRALA06680
AENJA_26021	BRALA27723
AENJA_26036	BRALA06799
AENJA_26046	BRALA09690
AENJA_26049	BRALA07730
AENJA_26056	BRALA03555
AENJA_26062	BRALA03436
AENJA_26065	BRALA14648
AENJA_26073	BRALA11943
AENJA_26095	BRALA06801
AENJA_26106	BRALA12151
AENJA_26107	BRALA29818
AENJA_26108	BRALA14527
AENJA_26115	BRALA04350
AENJA_26127	BRALA16471
AENJA_26159	BRALA01041
AENJA_26163	BRALA27274
AENJA_26177	BRALA03211
AENJA_26189	BRALA27600
AENJA_26204	BRALA17868
AENJA_26207	BRALA03476
AENJA_26219	BRALA31287
AENJA_26225	BRALA06595
AENJA_26231	BRALA06660
AENJA_26239	BRALA16271
AENJA_26241	BRALA03358
AENJA_26242	BRALA21655
AENJA_26243	BRALA16395
AENJA_26245	BRALA31602
AENJA_26247	BRALA32679
AENJA_26262	BRALA20320
AENJA_26272	BRALA30734
AENJA_26274	BRALA09658
AENJA_26280	BRALA31684
AENJA_26281	BRALA34686
AENJA_26284	BRALA27220
AENJA_26287	BRALA06370
AENJA_26288	BRALA03772
AENJA_26289	BRALA16637
AENJA_26333	BRALA07937
AENJA_26338	BRALA28423
AENJA_26339	BRALA03506
AENJA_26342	BRALA24363
AENJA_26360	BRALA30081
AENJA_26363	BRALA30457
AENJA_26373	BRALA26948
AENJA_26384	BRALA31817
AENJA_26394	BRALA01012
AENJA_26395	BRALA01099
AENJA_26404	BRALA11762
AENJA_26407	BRALA12217
AENJA_26410	BRALA21305
AENJA_26416	BRALA10744
AENJA_26420	BRALA24361
AENJA_26422	BRALA07888
AENJA_26423	BRALA04263
AENJA_26425	BRALA24635
AENJA_26436	BRALA15770
AENJA_26439	BRALA14324
AENJA_26449	BRALA03871
AENJA_26450	BRALA06331
AENJA_26451	BRALA18646
AENJA_26465	BRALA03349
AENJA_26483	BRALA21424
AENJA_26485	BRALA06302
AENJA_26504	BRALA22622
AENJA_26508	BRALA30218
AENJA_26511	BRALA34455
AENJA_26528	BRALA27471
AENJA_26536	BRALA14323
AENJA_26540	BRALA06835
AENJA_26551	BRALA02632
AENJA_26557	BRALA24721
AENJA_26558	BRALA24722
AENJA_26563	BRALA13830
AENJA_26564	BRALA08810
AENJA_26581	BRALA26592
AENJA_26592	BRALA14905
AENJA_26593	BRALA22914
AENJA_26597	BRALA30973
AENJA_26602	BRALA13377
AENJA_26607	BRALA14829
AENJA_26608	BRALA14145
AENJA_26609	BRALA09084
AENJA_26627	BRALA19771
AENJA_26632	BRALA09365
AENJA_26633	BRALA19729
AENJA_26637	BRALA20056
AENJA_26638	BRALA20055
AENJA_26648	BRALA14428
AENJA_26667	BRALA05171
AENJA_26685	BRALA08003
AENJA_26694	BRALA07510
AENJA_26696	BRALA24625
AENJA_26698	BRALA14969
AENJA_26699	BRALA30103
AENJA_26700	BRALA14930
AENJA_26702	BRALA27580
AENJA_26703	BRALA27579
AENJA_26715	BRALA07064
AENJA_26717	BRALA08751
AENJA_26719	BRALA04764
AENJA_26723	BRALA02294
AENJA_26727	BRALA18313
AENJA_26730	BRALA18447
AENJA_26740	BRALA22494
AENJA_26743	BRALA13405
AENJA_26744	BRALA32930
AENJA_26747	BRALA03661
AENJA_26751	BRALA21286
AENJA_26763	BRALA11721
AENJA_26764	BRALA07995
AENJA_26765	BRALA08004
AENJA_26766	BRALA10697
AENJA_26770	BRALA18356
AENJA_26773	BRALA11633
AENJA_26779	BRALA22483
AENJA_26780	BRALA17395
AENJA_26782	BRALA35097
AENJA_26783	BRALA32999
AENJA_26785	BRALA22482
AENJA_26786	BRALA21586
AENJA_26787	BRALA18266
AENJA_26795	BRALA30369
AENJA_26807	BRALA18534
AENJA_26828	BRALA28222
AENJA_26836	BRALA11930
