>TGACCTTTGACC	21-TGACCTTTGACC	Nr2f6	0.950
>GGTCAAAGGTCA	21-TGACCTTTGACC
>CTATTGAAAGGG	22-CTATTGAAAGGG	At2g41835(C2H2)	0.673
>CCCTTTCAATAG	22-CTATTGAAAGGG
>VAYAAACAVK	22-VAYAAACAVK	PHA-4(Forkhead)	0.920
>MBTGTTTRTB	22-VAYAAACAVK
>GATCGATA	35-GATCGATA	HNF6(Homeobox)	0.939
>TATCGATC	35-GATCGATA
>ACAATGTGAATG	24-ACAATGTGAATG	Sox1	0.724
>CATTCACATTGT	24-ACAATGTGAATG
>GCCACCAACG	30-GCCACCAACG	schlank	0.696
>CGTTGGTGGC	30-GCCACCAACG
>KDRTCAYGTGAY	26-KDRTCAYGTGAY	TFE3(bHLH)	0.959
>RTCACRTGAYHM	26-KDRTCAYGTGAY
>TTATGCAT	40-TTATGCAT	unc-86	0.876
>ATGCATAA	40-TTATGCAT
>CCGCCATCTTGA	30-CCGCCATCTTGA	YY1(Zf)	0.935
>TCAAGATGGCGG	30-CCGCCATCTTGA
>GACCCCCTARST	33-GACCCCCTARST	HNRNPA1(RRM)	0.690
>ASYTAGGGGGTC	33-GACCCCCTARST
>DAACAATGGV	1-DAACAATGGV	SOX15	0.971
>BCCATTGTTH	1-DAACAATGGV
>RSWSCTCRTT	42-RSWSCTCRTT	POU6F1(var.2)	0.749
>AAYGAGSWSY	42-RSWSCTCRTT
>GAGTACHC	45-GAGTACHC	Gsc	0.747
>GDGTACTC	45-GAGTACHC
>CCCTCGAGCGAC	39-CCCTCGAGCGAC	XBP1(MacIsaac)	0.773
>GTCGCTCGAGGG	39-CCCTCGAGCGAC
>AAMCCGGAAGTR	40-AAMCCGGAAGTR	ELF4	0.971
>YACTTCCGGKTT	40-AAMCCGGAAGTR
>ACCCAGAATGCA	42-ACCCAGAATGCA	ZNF143	0.870
>TGCATTCTGGGT	42-ACCCAGAATGCA
>GTATTGTATTCT	49-GTATTGTATTCT	PB0068.1_Sox1_1	0.695
>AGAATACAATAC	49-GTATTGTATTCT
>GTATTGAC	53-GTATTGAC	Hnf6b(Homeobox)	0.830
>GTCAATAC	53-GTATTGAC
>CCTCTATG	54-CCTCTATG	ZNF768(Zf)	0.684
>CATAGAGG	54-CCTCTATG
>GCGGCGCTCTGC	50-GCGGCGCTCTGC	ERF109	0.696
>GCAGAGCGCCGC	50-GCGGCGCTCTGC
>GCGACGGATCTT	51-GCGACGGATCTT	ARR2	0.683
>AAGATCCGTCGC	51-GCGACGGATCTT
>WGAGGGCGCTCT	2-WGAGGGCGCTCT	CTCF	0.761
>AGAGCGCCCTCW	2-WGAGGGCGCTCT
>AGAGCCTC	59-AGAGCCTC	CRZ1	0.697
>GAGGCTCT	59-AGAGCCTC
>ACAGTGCACT	56-ACAGTGCACT	PB0099.1_Zfp691_1	0.724
>AGTGCACTGT	56-ACAGTGCACT
>GAAAAGAAAGGC	57-GAAAAGAAAGGC	AZF1	0.805
>GCCTTTCTTTTC	57-GAAAAGAAAGGC
>GTGTCATG	60-GTGTCATG	PH0164.1_Six4	0.769
>CATGACAC	60-GTGTCATG
>GGGTCAGKGAMC	58-GGGTCAGKGAMC	FXR(NR),IR1	0.865
>GKTCMCTGACCC	58-GGGTCAGKGAMC
>GACTGAAAGATC	61-GACTGAAAGATC	Initiator	0.686
>GATCTTTCAGTC	61-GACTGAAAGATC
>GCTCAGKG	65-GCTCAGKG	CDC5(MYB)	0.832
>CMCTGAGC	65-GCTCAGKG
>CAGGTCACACGG	64-CAGGTCACACGG	NR4A2	0.775
>CCGTGTGACCTG	64-CAGGTCACACGG
>TGTAAAGG	67-TGTAAAGG	PUM(PUF)	0.832
>CCTTTACA	67-TGTAAAGG
>VCCACGCCTC	66-VCCACGCCTC	PB0180.1_Sp4_2	0.841
>GAGGCGTGGB	66-VCCACGCCTC
>KGTTAYGTAA	4-KGTTAYGTAA	DBP	0.962
>TTACRTAACM	4-KGTTAYGTAA
>ACACCTCCATAA	70-ACACCTCCATAA	PB0117.1_Eomes_2	0.659
>TTATGGAGGTGT	70-ACACCTCCATAA
>CCAAGCTGTGGA	71-CCAAGCTGTGGA	MET28	0.735
>TCCACAGCTTGG	71-CCAAGCTGTGGA
>CTGTGACGGCGC	74-CTGTGACGGCGC	ERF11	0.685
>GCGCCGTCACAG	74-CTGTGACGGCGC
>TGGCATTGTGCC	76-TGGCATTGTGCC	NFIB	0.831
>GGCACAATGCCA	76-TGGCATTGTGCC
>GGRCCAWACCAT	79-GGRCCAWACCAT	PRDM10(Zf)	0.749
>ATGGTWTGGYCC	79-GGRCCAWACCAT
>ATGACAACGCCC	87-ATGACAACGCCC	hkb	0.734
>GGGCGTTGTCAT	87-ATGACAACGCCC
>TTTTGTTGTGAA	90-TTTTGTTGTGAA	PB0120.1_Foxj1_2	0.745
>TTCACAACAAAA	90-TTTTGTTGTGAA
>CTCTACGCTC	81-CTCTACGCTC	MYB88(MYB)	0.695
>GAGCGTAGAG	81-CTCTACGCTC
>GCAGGGKCGCCC	91-GCAGGGKCGCCC	PB0052.1_Plagl1_1	0.727
>GGGCGMCCCTGC	91-GCAGGGKCGCCC
>CCGTTGAG	83-CCGTTGAG	RBP1(RRM)	0.749
>CTCAACGG	83-CCGTTGAG
>ATTTGCAT	7-ATTTGCAT	Oct4(POU,Homeobox)	0.961
>ATGCAAAT	7-ATTTGCAT
>CCGGGCTTTT	83-CCGGGCTTTT	ROX1(MacIsaac)	0.828
>AAAAGCCCGG	83-CCGGGCTTTT
>GTGTACAMAAGC	96-GTGTACAMAAGC	PUM(PUF)	0.772
>GCTTKTGTACAC	96-GTGTACAMAAGC
>CACGGTTGAGTG	98-CACGGTTGAGTG	NKX2-5	0.717
>CACTCAACCGTG	98-CACGGTTGAGTG
>TTAGCCTCGCTT	99-TTAGCCTCGCTT	PB0037.1_Isgf3g_1	0.621
>AAGCGAGGCTAA	99-TTAGCCTCGCTT
>CCTCTTACGGAC	102-CCTCTTACGGAC	RPH1	0.662
>GTCCGTAAGAGG	102-CCTCTTACGGAC
>ATCGCCCTGACC	105-ATCGCCCTGACC	RARg(NR)	0.667
>GGTCAGGGCGAT	105-ATCGCCCTGACC
>AATGGGAYAG	92-AATGGGAYAG	PB0098.1_Zfp410_1	0.710
>CTRTCCCATT	92-AATGGGAYAG
>CACAGGYGTT	93-CACAGGYGTT	Rbpjl	0.848
>AACRCCTGTG	93-CACAGGYGTT
>ATGATTCA	89-ATGATTCA	FOS	0.860
>TGAATCAT	89-ATGATTCA
>CGTTAGCAGCTC	121-CGTTAGCAGCTC	Unknown5	0.672
>GAGCTGCTAACG	121-CGTTAGCAGCTC
>CTAATTARCN	12-CTAATTARCN	ESX1	0.962
>NGYTAATTAG	12-CTAATTARCN
>GGGAACCAGA	105-GGGAACCAGA	grh	0.754
>TCTGGTTCCC	105-GGGAACCAGA
>TACTATGC	90-TACTATGC	Tb_0216(RRM)	0.789
>GCATAGTA	90-TACTATGC
>GATCCCTGCG	106-GATCCCTGCG	SUT1(MacIsaac)	0.704
>CGCAGGGATC	106-GATCCCTGCG
>AGGGCTCTCCAC	125-AGGGCTCTCCAC	ZNF354C	0.632
>GTGGAGAGCCCT	125-AGGGCTCTCCAC
>CACGCTTTGTGA	127-CACGCTTTGTGA	SOX10	0.713
>TCACAAAGCGTG	127-CACGCTTTGTGA
>ACMGTTAYAT	107-ACMGTTAYAT	OVOL1	0.843
>ATRTAACKGT	107-ACMGTTAYAT
>GTCTCGCTAGAC	131-GTCTCGCTAGAC	GFX(?)	0.723
>GTCTAGCGAGAC	131-GTCTCGCTAGAC
>ATGCGGGTAC	110-ATGCGGGTAC	GCM1	0.963
>GTACCCGCAT	110-ATGCGGGTAC
>AKTGACACAYTG	134-AKTGACACAYTG	CUP9	0.717
>CARTGTGTCAMT	134-AKTGACACAYTG
>CCTTATTAGG	114-CCTTATTAGG	CArG(MADS)	0.854
>CCTAATAAGG	114-CCTTATTAGG
>TTMACACCTY	13-TTMACACCTY	TBX2	0.963
>RAGGTGTKAA	13-TTMACACCTY
>TTGCGCAGAC	115-TTGCGCAGAC	Smad4(MAD)	0.704
>GTCTGCGCAA	115-TTGCGCAGAC
>ACHNACCTCTTT	141-ACHNACCTCTTT	DOF5.7	0.707
>AAAGAGGTNDGT	141-ACHNACCTCTTT
>TCGGWTTCGGTT	144-TCGGWTTCGGTT	PB0037.1_Isgf3g_1	0.755
>AACCGAAWCCGA	144-TCGGWTTCGGTT
>GGTCGTCTCG	120-GGTCGTCTCG	RBM45(RRM)	0.736
>CGAGACGACC	120-GGTCGTCTCG
>GAGTCACA	95-GAGTCACA	ARG81(MacIsaac)	0.887
>TGTGACTC	95-GAGTCACA
>CGGSAGAACAAA	147-CGGSAGAACAAA	Sox3	0.683
>TTTGTTCTSCCG	147-CGGSAGAACAAA
>GTAGTGGCDCTC	148-GTAGTGGCDCTC	brk	0.684
>GAGHGCCACTAC	148-GTAGTGGCDCTC
>ATAGACCCAGAG	150-ATAGACCCAGAG	eor-1	0.712
>CTCTGGGTCTAT	150-ATAGACCCAGAG
>TAGGTGGCGCTG	151-TAGGTGGCGCTG	CTCF	0.817
>CAGCGCCACCTA	151-TAGGTGGCGCTG
>ATGAATGCRT	124-ATGAATGCRT	PB0178.1_Sox8_2	0.793
>AYGCATTCAT	124-ATGAATGCRT
>WGGTCTATTCAD	14-WGGTCTATTCAD	vvl	0.764
>HTGAATAGACCW	14-WGGTCTATTCAD
>CACTCKAAAC	125-CACTCKAAAC	z	0.759
>GTTTMGAGTG	125-CACTCKAAAC
>GTAACCCG	99-GTAACCCG	STB2(MacIsaac)	0.755
>CGGGTTAC	99-GTAACCCG
>GTCACTCCATTG	160-GTCACTCCATTG	Srebp1a(bHLH)	0.767
>CAATGGAGTGAC	160-GTCACTCCATTG
>GCGCMCYCGG	134-GCGCMCYCGG	UGA3	0.731
>CCGRGKGCGC	134-GCGCMCYCGG
>GACCCGCC	107-GACCCGCC	Sp2(Zf)	0.785
>GGCGGGTC	107-GACCCGCC
>CCTAHTCG	114-CCTAHTCG	MSI(RRM)	0.817
>CGADTAGG	114-CCTAHTCG
>CTATAGAATT	146-CTATAGAATT	AT2G40260	0.672
>AATTCTATAG	146-CTATAGAATT
>TAGACAGTACAG	173-TAGACAGTACAG	SPL11(SBP)	0.709
>CTGTACTGTCTA	173-TAGACAGTACAG
>AAAGCGGCKT	154-AAAGCGGCKT	MNB1A	0.746
>AMGCCGCTTT	154-AAAGCGGCKT
>AACGAAGGGG	155-AACGAAGGGG	MSN4(MacIsaac)	0.757
>CCCCTTCGTT	155-AACGAAGGGG
>GATTGGCT	22-GATTGGCT	NFY(CCAAT)	0.881
>AGCCAATC	22-GATTGGCT
>ACCGTGACAATA	178-ACCGTGACAATA	prd-PD	0.726
>TATTGTCACGGT	178-ACCGTGACAATA
>AGAACGACCG	161-AGAACGACCG	Lm_0254(RRM)	0.749
>CGGTCGTTCT	161-AGAACGACCG
>GGGTGCTTTK	162-GGGTGCTTTK	AFT2	0.828
>MAAAGCACCC	162-GGGTGCTTTK
>ATCTGCGAATCA	182-ATCTGCGAATCA	Pknox1(Homeobox)	0.671
>TGATTCGCAGAT	182-ATCTGCGAATCA
>ACTGTGAGGTCA	190-ACTGTGAGGTCA	THRb(NR)	0.764
>TGACCTCACAGT	190-ACTGTGAGGTCA
>TATAATAGCC	172-TATAATAGCC	QKR58E-1(KH)	0.766
>GGCTATTATA	172-TATAATAGCC
>GAATTGAATG	179-GAATTGAATG	ARR1(MacIsaac)	0.730
>CATTCAATTC	179-GAATTGAATG
>GAGMTCAGCTGW	197-GAGMTCAGCTGW	PL0001.1_hlh-11	0.793
>WCAGCTGAKCTC	197-GAGMTCAGCTGW
>TGATCAGCGC	182-TGATCAGCGC	RBP1-LIKE(RRM)	0.730
>GCGCTGATCA	182-TGATCAGCGC
>TCTTTGTAGT	192-TCTTTGTAGT	SOX10	0.742
>ACTACAAAGA	192-TCTTTGTAGT
>GCGCATGCGCAN	18-GCGCATGCGCAN	NRF(NRF)	0.959
>NTGCGCATGCGC	18-GCGCATGCGCAN
